NCT00392327,"Anaplastic Medulloblastoma","Medulloblastoma","Untreated Childhood Medulloblastoma"
NCT00632853,
NCT00719303,"Fallopian Tube Clear Cell Adenocarcinoma","Fallopian Tube Endometrioid Adenocarcinoma","Fallopian Tube Mucinous Adenocarcinoma","Fallopian Tube Serous Adenocarcinoma","Fallopian Tube Transitional Cell Carcinoma","Malignant Ovarian Brenner Tumor","Ovarian Clear Cell Adenocarcinoma","Ovarian Endometrioid Adenocarcinoma","Ovarian Mucinous Adenocarcinoma","Ovarian Seromucinous Carcinoma","Ovarian Serous Adenocarcinoma","Ovarian Transitional Cell Carcinoma","Primary Peritoneal Serous Adenocarcinoma","Stage IIA Fallopian Tube Cancer AJCC v6 and v7","Stage IIA Ovarian Cancer AJCC V6 and v7","Stage IIB Fallopian Tube Cancer AJCC v6 and v7","Stage IIB Ovarian Cancer AJCC v6 and v7","Stage IIC Fallopian Tube Cancer AJCC v6 and v7","Stage IIC Ovarian Cancer AJCC v6 and v7","Stage IIIA Fallopian Tube Cancer AJCC v7","Stage IIIA Ovarian Cancer AJCC v6 and v7","Stage IIIA Primary Peritoneal Cancer AJCC v7","Stage IIIB Fallopian Tube Cancer AJCC v7","Stage IIIB Ovarian Cancer AJCC v6 and v7","Stage IIIB Primary Peritoneal Cancer AJCC v7","Stage IIIC Fallopian Tube Cancer AJCC v7","Stage IIIC Ovarian Cancer AJCC v6 and v7","Stage IIIC Primary Peritoneal Cancer AJCC v7","Stage IV Fallopian Tube Cancer AJCC v6 and v7","Stage IV Ovarian Cancer AJCC v6 and v7","Stage IV Primary Peritoneal Cancer AJCC v7","Undifferentiated Fallopian Tube Carcinoma","Undifferentiated Ovarian Carcinoma"
NCT00492778,"Endometrial Adenocarcinoma","Endometrial Adenosquamous Carcinoma","Endometrial Clear Cell Adenocarcinoma","Endometrial Endometrioid Adenocarcinoma, Variant With Squamous Differentiation","Endometrial Serous Adenocarcinoma","Recurrent Uterine Corpus Carcinoma"
NCT00001337,"Diffuse Large B-Cell Lymphoma (DLBCL)","Primary Mediastinal Large B-cell Lymphoma","Burkitt Lymphoma","Anaplastic Large-Cell Lymphoma","Gray Zone Lymphoma"
NCT00576654,"Advanced Malignant Solid Neoplasm","Estrogen Receptor Negative","HER2/Neu Negative","Hodgkin Lymphoma","Metastatic Malignant Neoplasm","Metastatic Malignant Solid Neoplasm","Non-Hodgkin Lymphoma","Progesterone Receptor Negative","Stage III Breast Cancer AJCC v7","Stage III Colon Cancer AJCC v7","Stage III Lung Cancer AJCC v7","Stage III Ovarian Cancer AJCC v6 and v7","Stage III Pancreatic Cancer AJCC v6 and v7","Stage IIIA Breast Cancer AJCC v7","Stage IIIA Colon Cancer AJCC v7","Stage IIIA Ovarian Cancer AJCC v6 and v7","Stage IIIB Breast Cancer AJCC v7","Stage IIIB Colon Cancer AJCC v7","Stage IIIB Ovarian Cancer AJCC v6 and v7","Stage IIIC Breast Cancer AJCC v7","Stage IIIC Colon Cancer AJCC v7","Stage IIIC Ovarian Cancer AJCC v6 and v7","Stage IV Breast Cancer AJCC v6 and v7","Stage IV Colon Cancer AJCC v7","Stage IV Lung Cancer AJCC v7","Stage IV Ovarian Cancer AJCC v6 and v7","Stage IV Pancreatic Cancer AJCC v6 and v7","Stage IVA Colon Cancer AJCC v7","Stage IVB Colon Cancer AJCC v7","Triple-Negative Breast Carcinoma","Unresectable Malignant Neoplasm","Unresectable Solid Neoplasm"
NCT01012817,"Metastatic Malignant Solid Neoplasm","Recurrent Fallopian Tube Carcinoma","Recurrent Ovarian Carcinoma","Recurrent Primary Peritoneal Carcinoma","Unresectable Solid Neoplasm"
NCT00956007,
NCT00887146,
NCT00983697,
NCT00980954,
NCT00981656,
NCT00980460,"PRETEXT Stage 1 Hepatoblastoma","PRETEXT Stage 2 Hepatoblastoma","PRETEXT Stage 3 Hepatoblastoma","PRETEXT Stage 4 Hepatoblastoma"
NCT01013649,"Pancreatic Acinar Cell Carcinoma","Pancreatic Ductal Adenocarcinoma","Pancreatic Intraductal Papillary-Mucinous Neoplasm","Stage I Pancreatic Cancer AJCC v6 and v7","Stage IA Pancreatic Cancer AJCC v6 and v7","Stage IB Pancreatic Cancer AJCC v6 and v7","Stage II Pancreatic Cancer AJCC v6 and v7","Stage IIA Pancreatic Cancer AJCC v6 and v7","Stage IIB Pancreatic Cancer AJCC v6 and v7"
NCT02085408,"Acute Myeloid Leukemia With Multilineage Dysplasia Following Myelodysplastic Syndrome","Adult Acute Megakaryoblastic Leukemia (M7)","Adult Acute Minimally Differentiated Myeloid Leukemia (M0)","Adult Acute Monoblastic Leukemia (M5a)","Adult Acute Monocytic Leukemia (M5b)","Adult Acute Myeloblastic Leukemia With Maturation (M2)","Adult Acute Myeloblastic Leukemia Without Maturation (M1)","Adult Acute Myeloid Leukemia With 11q23 (MLL) Abnormalities","Adult Acute Myeloid Leukemia With Del(5q)","Adult Acute Myeloid Leukemia With Inv(16)(p13;q22)","Adult Acute Myeloid Leukemia With t(16;16)(p13;q22)","Adult Acute Myeloid Leukemia With t(8;21)(q22;q22)","Adult Acute Myelomonocytic Leukemia (M4)","Adult Erythroleukemia (M6a)","Adult Pure Erythroid Leukemia (M6b)","Secondary Acute Myeloid Leukemia","Untreated Adult Acute Myeloid Leukemia"
NCT01042522,"Ovarian Granulosa Cell Tumor","Ovarian Gynandroblastoma","Ovarian Sertoli-Leydig Cell Tumor","Ovarian Sex Cord Tumor With Annular Tubules","Ovarian Sex Cord-Stromal Tumor","Ovarian Sex Cord-Stromal Tumor of Mixed or Unclassified Cell Types","Ovarian Steroid Cell Tumor"
NCT01096368,"Childhood Infratentorial Ependymoma","Childhood Supratentorial Ependymoma","Newly Diagnosed Childhood Ependymoma"
NCT01118026,
NCT01101451,"Cervical Adenocarcinoma","Cervical Adenosquamous Carcinoma","Cervical Squamous Cell Carcinoma, Not Otherwise Specified","Stage IA Cervical Cancer","Stage IB Cervical Cancer","Stage IIA Cervical Cancer"
NCT01141231,"Head and Neck Cancer","Long-term Effects Secondary to Cancer Therapy in Adults","Oral Complications of Chemotherapy and Head/Neck Radiation","Radiation Toxicity","Xerostomia"
NCT01366144,"Breast Carcinoma","Carcinoma of Unknown Primary Origin","Endometrial Carcinoma","Esophageal Carcinoma","Lung Carcinoma","Malignant Head and Neck Neoplasm","Melanoma","Ovarian Carcinoma","Renal Pelvis and Ureter Urothelial Carcinoma","Testicular Lymphoma"
NCT01051635,"Neoplasms","Lymphoma"
NCT01222754,"Diffuse Intrinsic Pontine Glioma","Anaplastic Astrocytoma","High Grade Glioma"
NCT01386385,"Large Cell Lung Carcinoma","Lung Adenocarcinoma","Lung Adenocarcinoma, Mixed Subtype","Minimally Invasive Lung Adenocarcinoma","Squamous Cell Lung Carcinoma","Stage III Non-Small Cell Lung Cancer AJCC v7","Stage IIIA Non-Small Cell Lung Cancer AJCC v7","Stage IIIB Non-Small Cell Lung Cancer AJCC v7"
NCT01381718,"Brain and Central Nervous System Tumors","Cognitive/Functional Effects","Fatigue","Neurotoxicity","Psychosocial Effects of Cancer and Its Treatment"
NCT01190930,"Acute Lymphoblastic Leukemia","Adult B Lymphoblastic Lymphoma","Ann Arbor Stage I B Lymphoblastic Lymphoma","Ann Arbor Stage II B Lymphoblastic Lymphoma","Childhood B Acute Lymphoblastic Leukemia","Childhood B Acute Lymphoblastic Leukemia With t(9;22)(q34.1;q11.2); BCR-ABL1","Childhood B Lymphoblastic Lymphoma","Down Syndrome","Hypodiploid B Acute Lymphoblastic Leukemia","Intrachromosomal Amplification of Chromosome 21","Philadelphia Chromosome Positive","Untreated Adult Acute Lymphoblastic Leukemia","Untreated Childhood Acute Lymphoblastic Leukemia"
NCT01231906,"Non-Metastatic Extraskeletal Ewing Sarcoma","Peripheral Primitive Neuroectodermal Tumor of Bone","Peripheral Primitive Neuroectodermal Tumor of Soft Tissues"
NCT01272037,"Ductal Breast Carcinoma In Situ","Estrogen Receptor and/or Progesterone Receptor Positive","HER2/Neu Negative","Invasive Breast Carcinoma","Multicentric Breast Carcinoma","Multifocal Breast Carcinoma","Synchronous Bilateral Breast Carcinoma"
NCT01275664,"Nausea and Vomiting","Ovarian Brenner Tumor","Ovarian Clear Cell Cystadenocarcinoma","Ovarian Endometrioid Adenocarcinoma","Ovarian Mucinous Cystadenocarcinoma","Ovarian Seromucinous Carcinoma","Ovarian Serous Cystadenocarcinoma","Stage II Ovarian Cancer","Stage IIA Fallopian Tube Cancer","Stage IIA Ovarian Cancer","Stage IIB Fallopian Tube Cancer","Stage IIB Ovarian Cancer","Stage IIC Fallopian Tube Cancer","Stage IIC Ovarian Cancer","Stage IIIA Fallopian Tube Cancer","Stage IIIA Ovarian Cancer","Stage IIIA Primary Peritoneal Cancer","Stage IIIB Fallopian Tube Cancer","Stage IIIB Ovarian Cancer","Stage IIIB Primary Peritoneal Cancer","Stage IIIC Fallopian Tube Cancer","Stage IIIC Ovarian Cancer","Stage IIIC Primary Peritoneal Cancer","Stage IV Fallopian Tube Cancer","Stage IV Ovarian Cancer","Stage IV Primary Peritoneal Cancer","Undifferentiated Ovarian Carcinoma"
NCT01359592,
NCT01368588,
NCT01434316,"Advanced Malignant Solid Neoplasm","BRCA1 Gene Mutation","BRCA2 Gene Mutation"
NCT01406756,"B Acute Lymphoblastic Leukemia","Central Nervous System Leukemia","Ph-Like Acute Lymphoblastic Leukemia","Testicular Leukemia","Untreated Adult Acute Lymphoblastic Leukemia","Untreated Childhood Acute Lymphoblastic Leukemia"
NCT01497444,"Kidney Cancer","Liver Cancer"
NCT01503632,
NCT01503086,"Brain Neoplasm","Recurrent Brain Neoplasm"
NCT01515787,
NCT01333046,"Hodgkin Lymphoma","Non-Hodgkin Lymphoma","Hodgkin Disease"
NCT01556243,
NCT01573442,"Arthralgia","Breast Cancer","Hot Flashes","Musculoskeletal Complications","Sexual Dysfunction"
NCT01587352,"Ocular Melanoma With Extraocular Extension","Recurrent Uveal Melanoma","Stage IV Uveal Melanoma AJCC v7"
NCT01585805,"BRCA1 Gene Mutation","BRCA2 Gene Mutation","Metastatic Pancreatic Adenocarcinoma","PALB2 Gene Mutation","Pancreatic Adenocarcinoma","Recurrent Pancreatic Carcinoma","Stage III Pancreatic Cancer AJCC v6 and v7","Stage IV Pancreatic Cancer AJCC v6 and v7"
NCT01638533,"Glioma","Lymphoma","Metastatic Malignant Solid Neoplasm","Neuroendocrine Neoplasm","Recurrent Adult Soft Tissue Sarcoma","Recurrent Bladder Carcinoma","Recurrent Breast Carcinoma","Recurrent Chronic Lymphocytic Leukemia","Recurrent Colorectal Carcinoma","Recurrent Head and Neck Carcinoma","Recurrent Lung Carcinoma","Recurrent Malignant Solid Neoplasm","Recurrent Melanoma","Recurrent Pancreatic Carcinoma","Recurrent Primary Cutaneous T-Cell Non-Hodgkin Lymphoma","Recurrent Prostate Carcinoma","Recurrent Renal Cell Carcinoma","Recurrent Thyroid Gland Carcinoma","Refractory Chronic Lymphocytic Leukemia","Refractory Mature T-Cell and NK-Cell Non-Hodgkin Lymphoma","Refractory Primary Cutaneous T-Cell Non-Hodgkin Lymphoma","Stage III Breast Cancer AJCC v7","Stage III Colorectal Cancer AJCC v7","Stage III Cutaneous Melanoma AJCC v7","Stage III Lung Cancer AJCC v7","Stage III Pancreatic Cancer AJCC v6 and v7","Stage III Prostate Cancer AJCC v7","Stage III Renal Cell Cancer AJCC v7","Stage III Soft Tissue Sarcoma AJCC v7","Stage IIIA Breast Cancer AJCC v7","Stage IIIA Colorectal Cancer AJCC v7","Stage IIIA Cutaneous Melanoma AJCC v7","Stage IIIB Breast Cancer AJCC v7","Stage IIIB Colorectal Cancer AJCC v7","Stage IIIB Cutaneous Melanoma AJCC v7","Stage IIIC Breast Cancer AJCC v7","Stage IIIC Colorectal Cancer AJCC v7","Stage IIIC Cutaneous Melanoma AJCC v7","Stage IV Breast Cancer AJCC v6 and v7","Stage IV Colorectal Cancer AJCC v7","Stage IV Cutaneous Melanoma AJCC v6 and v7","Stage IV Lung Cancer AJCC v7","Stage IV Pancreatic Cancer AJCC v6 and v7","Stage IV Prostate Cancer AJCC v7","Stage IV Renal Cell Cancer AJCC v7","Stage IV Soft Tissue Sarcoma AJCC v7","Stage IVA Colorectal Cancer AJCC v7","Stage IVB Colorectal Cancer AJCC v7","Unresectable Solid Neoplasm"
NCT01775475,"AIDS-related Diffuse Large Cell Lymphoma","AIDS-related Diffuse Mixed Cell Lymphoma","AIDS-related Diffuse Small Cleaved Cell Lymphoma","AIDS-related Immunoblastic Large Cell Lymphoma","AIDS-related Lymphoblastic Lymphoma","AIDS-related Peripheral/Systemic Lymphoma","AIDS-related Small Noncleaved Cell Lymphoma","Stage III AIDS-related Lymphoma","Stage IV AIDS-related Lymphoma"
NCT01695941,"Recurrent B-Cell Non-Hodgkin Lymphoma","Recurrent Mantle Cell Lymphoma","Refractory B-Cell Non-Hodgkin Lymphoma","Refractory Mantle Cell Lymphoma"
NCT01595061,"Stage IIIA Vulvar Cancer AJCC v7","Stage IIIB Vulvar Cancer AJCC v7","Stage IIIC Vulvar Cancer AJCC v7","Stage IVA Vulvar Cancer AJCC v7","Vulvar Squamous Cell Carcinoma"
NCT01602666,"Central Nervous System Nongerminomatous Germ Cell Tumor","Childhood Central Nervous System Germinoma"
NCT01622868,"ERBB2 Gene Amplification","HER2 Positive Breast Carcinoma","Invasive Breast Carcinoma","Metastatic Malignant Neoplasm in the Brain","Recurrent Breast Carcinoma","Stage IV Breast Cancer AJCC v6 and v7"
NCT01649089,"Cervical Adenocarcinoma","Cervical Adenosquamous Carcinoma","Cervical Squamous Cell Carcinoma, Not Otherwise Specified","Lymphedema","Sexual Dysfunction and Infertility","Stage IA1 Cervical Cancer AJCC v6 and v7","Stage IA2 Cervical Cancer AJCC v6 and v7","Stage IB1 Cervical Cancer AJCC v6 and v7"
NCT01674140,
NCT01668719,"DS Stage I Plasma Cell Myeloma","DS Stage II Plasma Cell Myeloma","DS Stage III Plasma Cell Myeloma"
NCT01711541,"Head and Neck Squamous Cell Carcinoma","Stage IVA Oropharyngeal Carcinoma AJCC v7","Stage IVB Oropharyngeal Carcinoma AJCC v7"
NCT01711554,"Recurrent Neuroblastoma","Refractory Neuroblastoma"
NCT01781468,
NCT01805076,"Estrogen Receptor-negative Breast Cancer","Progesterone Receptor-negative Breast Cancer","Stage IA Breast Cancer","Stage IB Breast Cancer","Stage II Breast Cancer","Triple-negative Breast Cancer"
NCT01730937,"Adult Primary Hepatocellular Carcinoma","Advanced Adult Primary Liver Cancer","Recurrent Adult Primary Liver Cancer"
NCT01349881,
NCT01789684,
NCT01863550,
NCT01749397,"Stage IV Fallopian Tube Cancer AJCC v6 and v7","Stage IV Ovarian Cancer AJCC v6 and v7","Stage IV Primary Peritoneal Cancer AJCC v7"
NCT01806129,
NCT01586403,
NCT01755195,
NCT01767194,"Ganglioneuroblastoma","Recurrent Neuroblastoma"
NCT01089101,"Low Grade Glioma","Neurofibromatosis Type 1","Recurrent Childhood Pilocytic Astrocytoma","Recurrent Childhood Visual Pathway Glioma"
NCT01872975,"Stage IB Breast Cancer","Stage II Breast Cancer"
NCT01771107,"AIDS-Related Hodgkin Lymphoma","Ann Arbor Stage II Hodgkin Lymphoma","Ann Arbor Stage IIA Hodgkin Lymphoma","Ann Arbor Stage IIB Hodgkin Lymphoma","Ann Arbor Stage III Hodgkin Lymphoma","Ann Arbor Stage IIIA Hodgkin Lymphoma","Ann Arbor Stage IIIB Hodgkin Lymphoma","Ann Arbor Stage IV Hodgkin Lymphoma","Ann Arbor Stage IVA Hodgkin Lymphoma","Ann Arbor Stage IVB Hodgkin Lymphoma","Classic Hodgkin Lymphoma","HIV Infection"
NCT01220583,
NCT01824836,"Estrogen Receptor-positive Breast Cancer","Musculoskeletal Complications","Progesterone Receptor-positive Breast Cancer","Recurrent Breast Cancer","Stage IA Breast Cancer","Stage IB Breast Cancer","Stage II Breast Cancer","Stage IIIA Breast Cancer","Stage IIIB Breast Cancer","Stage IIIC Breast Cancer"
NCT01810913,"Stage III Squamous Cell Carcinoma of the Hypopharynx","Stage III Squamous Cell Carcinoma of the Larynx","Stage III Squamous Cell Carcinoma of the Lip and Oral Cavity","Stage III Squamous Cell Carcinoma of the Oropharynx","Stage III Verrucous Carcinoma of the Larynx","Stage III Verrucous Carcinoma of the Oral Cavity","Stage IV Squamous Cell Carcinoma of the Hypopharynx","Stage IVA Squamous Cell Carcinoma of the Larynx","Stage IVA Squamous Cell Carcinoma of the Lip and Oral Cavity","Stage IVA Squamous Cell Carcinoma of the Oropharynx","Stage IVA Verrucous Carcinoma of the Larynx","Stage IVA Verrucous Carcinoma of the Oral Cavity","Stage IVB Squamous Cell Carcinoma of the Larynx","Stage IVB Squamous Cell Carcinoma of the Lip and Oral Cavity","Stage IVB Squamous Cell Carcinoma of the Oropharynx","Stage IVB Verrucous Carcinoma of the Larynx","Stage IVB Verrucous Carcinoma of the Oral Cavity","Tongue Cancer"
NCT01817075,"Bacterial Infection","Benign Neoplasm","Malignant Neoplasm","Methicillin-Resistant Staphylococcus Aureus Infection","Myeloid Neoplasm","Recurrent Childhood Acute Lymphoblastic Leukemia","Recurrent Childhood Acute Myeloid Leukemia","Untreated Childhood Myeloid Neoplasm"
NCT00978250,"Head and Neck Neoplasms","Lung Neoplasms","Urinary Bladder Neoplasms","Breast Neoplasms"
NCT01822496,"Stage III Non-Small Cell Lung Cancer AJCC v7","Stage IIIA Non-Small Cell Lung Cancer AJCC v7","Stage IIIB Non-Small Cell Lung Cancer AJCC v7"
NCT01822509,"Hematopoietic Cell Transplantation Recipient","Myelodysplastic Syndrome","Myeloproliferative Neoplasm","Previously Treated Myelodysplastic Syndrome","Recurrent Adult Acute Lymphoblastic Leukemia","Recurrent Adult Acute Myeloid Leukemia","Recurrent Chronic Lymphocytic Leukemia","Recurrent Chronic Myelogenous Leukemia, BCR-ABL1 Positive","Recurrent Hodgkin Lymphoma","Recurrent Non-Hodgkin Lymphoma","Recurrent Plasma Cell Myeloma"
NCT01822522,"Advanced Malignant Solid Neoplasm","HIV Infection","Metastatic Malignant Solid Neoplasm","Recurrent Malignant Solid Neoplasm","Unresectable Solid Neoplasm"
NCT01244737,
NCT01841723,"Hairy Cell Leukemia","Hairy Cell Leukemia Variant"
NCT01849146,"Adult Glioblastoma","Recurrent Glioblastoma"
NCT01901094,"Stage II Breast Cancer","Stage IIIA Breast Cancer"
NCT01851369,"Lymphomas","Solid Tumors","NSCLC","Metastatic Colon Carcinoma","Granulosa Cell Ovarian Cancer"
NCT01935934,"Endometrial Adenosquamous Carcinoma","Endometrial Clear Cell Adenocarcinoma","Endometrial Mixed Adenocarcinoma","Endometrial Serous Adenocarcinoma","Metastatic Endometrioid Adenocarcinoma","Recurrent Uterine Corpus Carcinoma","Stage IV Uterine Corpus Cancer AJCC v7","Stage IVA Uterine Corpus Cancer AJCC v7","Stage IVB Uterine Corpus Cancer AJCC v7","Uterine Corpus Carcinosarcoma"
NCT01881867,"Castration Levels of Testosterone","Castration-Resistant Prostate Carcinoma","Metastatic Prostate Carcinoma","Stage IV Prostate Cancer"
NCT01534598,
NCT01897012,"High Grade B-Cell Lymphoma With MYC and BCL2 or BCL6 Rearrangements","MYC Positive","Recurrent B-Cell Non-Hodgkin Lymphoma","Recurrent Burkitt Lymphoma","Recurrent Diffuse Large B-Cell Lymphoma","Recurrent Follicular Lymphoma","Recurrent Hodgkin Lymphoma","Recurrent Mantle Cell Lymphoma","Recurrent Mature T- and NK-Cell Non-Hodgkin Lymphoma","Refractory B-Cell Non-Hodgkin Lymphoma","Refractory Burkitt Lymphoma","Refractory Diffuse Large B-Cell Lymphoma","Refractory Follicular Lymphoma","Refractory Hodgkin Lymphoma","Refractory Mantle Cell Lymphoma","Refractory Mature T-Cell and NK-Cell Non-Hodgkin Lymphoma"
NCT01896999,"Recurrent Classic Hodgkin Lymphoma","Refractory Classic Hodgkin Lymphoma"
NCT01902173,"Adult Solid Neoplasm","Recurrent Colon Carcinoma","Recurrent Melanoma","Recurrent Ovarian Carcinoma","Stage IIIC Colon Cancer","Stage IIIC Ovarian Cancer","Stage IIIC Skin Melanoma","Stage IV Skin Melanoma"
NCT01953588,"Estrogen Receptor-positive Breast Cancer","HER2-negative Breast Cancer","Invasive Ductal Breast Carcinoma","Invasive Lobular Breast Carcinoma","Recurrent Breast Cancer","Stage II Breast Cancer","Stage IIIA Breast Cancer","Stage IIIB Breast Cancer","Stage IIIC Breast Cancer"
NCT01912625,"KRAS Activating Mutation","Recurrent Non-Small Cell Lung Carcinoma","Stage III Non-Small Cell Lung Cancer AJCC v7","Stage IIIA Non-Small Cell Lung Cancer AJCC v7","Stage IIIB Non-Small Cell Lung Cancer AJCC v7"
NCT01925131,"Acute Leukemias of Ambiguous Lineage","B-cell Adult Acute Lymphoblastic Leukemia","Philadelphia Chromosome Positive Adult Precursor Acute Lymphoblastic Leukemia","Recurrent Adult Acute Lymphoblastic Leukemia","Recurrent Adult Burkitt Lymphoma"
NCT00942877,
NCT01273155,"Neoplasms","Lymphomas"
NCT01273168,"Hormone Receptor-Positive Breast","Gynecologic","Desmoid","Hormone Receptor-Positive Neoplasms"
NCT01362803,"Neurofibromatosis 1","Neurofibromatosis Type 1","NF 1","Neurofibroma, Plexiform"
NCT01391962,
NCT01572493,"Lymphoma","Carcinoma"
NCT01748825,"Neoplasms","Lymphoma"
NCT01827384,
NCT01922076,"Anaplastic Astrocytoma","Anaplastic Oligoastrocytoma","Diffuse Intrinsic Pontine Glioma","Diffuse Midline Glioma, H3 K27M-Mutant","Glioblastoma","Gliosarcoma","Untreated Childhood Anaplastic Astrocytoma","Untreated Childhood Anaplastic Oligoastrocytoma","Untreated Childhood Glioblastoma","Untreated Childhood Gliosarcoma"
NCT01964300,
NCT02004275,
NCT01940809,"BRAF V600E Mutation Present","BRAF V600K Mutation Present","Metastatic Melanoma","Stage III Cutaneous Melanoma AJCC v7","Stage IIIA Cutaneous Melanoma AJCC v7","Stage IIIB Cutaneous Melanoma AJCC v7","Stage IIIC Cutaneous Melanoma AJCC v7","Stage IV Cutaneous Melanoma AJCC v6 and v7"
NCT01947023,"BRAF V600E Mutation Present","BRAF V600K Mutation Present","Metastatic Thyroid Gland Carcinoma","Unresectable Thyroid Gland Carcinoma"
NCT01988571,
NCT01993810,"Stage IIA Non-small Cell Lung Cancer","Stage IIB Non-small Cell Lung Cancer","Stage IIIA Non-small Cell Lung Cancer","Stage IIIB Non-small Cell Lung Cancer"
NCT02054741,"Adult Solid Neoplasm","Toxicity","Lymphoma"
NCT01946789,
NCT01989585,"BRAF V600E Mutation Present","BRAF V600K Mutation Present","Metastatic Melanoma","Solid Neoplasm","Stage III Cutaneous Melanoma AJCC v7","Stage IIIA Cutaneous Melanoma AJCC v7","Stage IIIB Cutaneous Melanoma AJCC v7","Stage IIIC Cutaneous Melanoma AJCC v7","Stage IV Cutaneous Melanoma AJCC v6 and v7"
NCT01979536,"Anaplastic Large Cell Lymphoma, ALK-Positive","Ann Arbor Stage II Noncutaneous Childhood Anaplastic Large Cell Lymphoma","Ann Arbor Stage III Noncutaneous Childhood Anaplastic Large Cell Lymphoma","Ann Arbor Stage IV Noncutaneous Childhood Anaplastic Large Cell Lymphoma","CD30-Positive Neoplastic Cells Present"
NCT02003222,"Acute Lymphoblastic Leukemia","B Acute Lymphoblastic Leukemia, Philadelphia Chromosome Negative","BCR/ABL1 Fusion Protein Negative","Untreated Adult Acute Lymphoblastic Leukemia"
NCT01896869,
NCT02065687,"Endometrial Adenocarcinoma","Endometrial Clear Cell Adenocarcinoma","Endometrial Serous Adenocarcinoma","Endometrial Undifferentiated Carcinoma","Recurrent Uterine Corpus Carcinoma","Stage III Uterine Corpus Cancer AJCC v7","Stage IIIA Uterine Corpus Cancer AJCC v7","Stage IIIB Uterine Corpus Cancer AJCC v7","Stage IIIC Uterine Corpus Cancer AJCC v7","Stage IV Uterine Corpus Cancer AJCC v7","Stage IVA Uterine Corpus Cancer AJCC v7","Stage IVB Uterine Corpus Cancer AJCC v7"
NCT02059499,"Anal Intraepithelial Neoplasia","High-grade Squamous Intraepithelial Lesion","HIV Infection"
NCT02029950,"Acute Myeloid Leukemia","Blasts 5-19 Percent of Peripheral Blood White Cells","Blasts More Than 10 Percent of Bone Marrow Nucleated Cells","Chronic Myelomonocytic Leukemia-2","High Risk Myelodysplastic Syndrome","Myeloproliferative Neoplasm","Previously Treated Myelodysplastic Syndrome"
NCT02015104,
NCT02070549,"Advanced Malignant Solid Neoplasm","Hepatic Complication","Metastatic Malignant Neoplasm in the Liver","Metastatic Malignant Solid Neoplasm","Unresectable Solid Neoplasm"
NCT02079740,"Advanced Malignant Solid Neoplasm","KRAS Gene Mutation","Metastatic Malignant Solid Neoplasm","NRAS Gene Mutation","Recurrent Colorectal Carcinoma","Recurrent Lung Carcinoma","Recurrent Malignant Solid Neoplasm","Recurrent Pancreatic Carcinoma","Stage III Colorectal Cancer AJCC v7","Stage III Lung Cancer AJCC v7","Stage III Pancreatic Cancer AJCC v6 and v7","Stage IIIA Colorectal Cancer AJCC v7","Stage IIIB Colorectal Cancer AJCC v7","Stage IIIC Colorectal Cancer AJCC v7","Stage IV Colorectal Cancer AJCC v7","Stage IV Lung Cancer AJCC v7","Stage IV Pancreatic Cancer AJCC v6 and v7","Stage IVA Colorectal Cancer AJCC v7","Stage IVB Colorectal Cancer AJCC v7","Unresectable Malignant Neoplasm"
NCT02095132,"Central Nervous System Embryonal Tumor With Rhabdoid Features","Central Nervous System Embryonal Tumor, Not Otherwise Specified","Central Nervous System Ganglioneuroblastoma","Embryonal Tumor With Multilayered Rosettes, C19MC-Altered","Pineoblastoma","Primary Central Nervous System Neoplasm","Recurrent Childhood Central Nervous System Embryonal Neoplasm","Recurrent Malignant Solid Neoplasm","Recurrent Medulloblastoma","Recurrent Neuroblastoma","Recurrent Rhabdomyosarcoma","Refractory Malignant Solid Neoplasm","Refractory Medulloblastoma","Refractory Neuroblastoma","Refractory Rhabdomyosarcoma"
NCT02097225,"BRAF V600E Mutation Present","BRAF V600K Mutation Present","Metastatic Malignant Solid Neoplasm","Metastatic Melanoma","Stage III Cutaneous Melanoma AJCC v7","Stage IIIA Cutaneous Melanoma AJCC v7","Stage IIIB Cutaneous Melanoma AJCC v7","Stage IIIC Cutaneous Melanoma AJCC v7","Stage IV Cutaneous Melanoma AJCC v6 and v7","Unresectable Solid Neoplasm"
NCT02152982,"Glioblastoma","Gliosarcoma"
NCT02101775,"Ovarian Brenner Tumor","Ovarian Carcinosarcoma","Ovarian Clear Cell Cystadenocarcinoma","Ovarian Endometrioid Adenocarcinoma","Ovarian Mucinous Cystadenocarcinoma","Ovarian Seromucinous Carcinoma","Ovarian Serous Cystadenocarcinoma","Ovarian Serous Surface Papillary Adenocarcinoma","Recurrent Fallopian Tube Carcinoma","Recurrent Ovarian Carcinoma","Recurrent Primary Peritoneal Carcinoma","Undifferentiated Ovarian Carcinoma"
NCT02143726,
NCT02154490,"Recurrent Squamous Cell Lung Carcinoma","Stage IV Squamous Cell Lung Carcinoma AJCC v7"
NCT02101788,"Low Grade Ovarian Serous Adenocarcinoma","Micropapillary Serous Carcinoma","Ovarian Serous Adenocarcinoma","Primary Peritoneal Serous Adenocarcinoma","Recurrent Ovarian Carcinoma","Recurrent Primary Peritoneal Carcinoma"
NCT02101853,
NCT02101905,"Anaplastic Astrocytoma","Anaplastic Ependymoma","Anaplastic Oligodendroglioma","Gliosarcoma","Mixed Glioma","Recurrent Adult Brain Neoplasm","Recurrent Glioblastoma"
NCT02135042,"Epstein-Barr Virus Infection","Stage II Nasopharyngeal Carcinoma","Stage III Nasopharyngeal Carcinoma","Stage IVA Nasopharyngeal Carcinoma","Stage IVB Nasopharyngeal Carcinoma"
NCT02135419,"Anal Cancer","High-grade Squamous Intraepithelial Lesion","HIV Infection","Human Papilloma Virus Infection"
NCT02255461,"Childhood Choroid Plexus Tumor","Childhood Ependymoblastoma","Childhood Grade III Meningioma","Childhood High-grade Cerebellar Astrocytoma","Childhood High-grade Cerebral Astrocytoma","Childhood Medulloepithelioma","Recurrent Childhood Anaplastic Astrocytoma","Recurrent Childhood Anaplastic Oligoastrocytoma","Recurrent Childhood Anaplastic Oligodendroglioma","Recurrent Childhood Brain Stem Glioma","Recurrent Childhood Cerebellar Astrocytoma","Recurrent Childhood Cerebral Astrocytoma","Recurrent Childhood Giant Cell Glioblastoma","Recurrent Childhood Glioblastoma","Recurrent Childhood Gliomatosis Cerebri","Recurrent Childhood Gliosarcoma","Recurrent Childhood Medulloblastoma","Recurrent Childhood Pineoblastoma","Recurrent Childhood Supratentorial Primitive Neuroectodermal Tumor"
NCT02101944,"Anemia","Hypercalcemia","Lytic Bone Lesion","Osteopenia","Pathologic Fracture","Recurrent Plasma Cell Myeloma","Refractory Plasma Cell Myeloma"
NCT02032823,
NCT02176967,"Ganglioneuroblastoma","Localized Resectable Neuroblastoma","Localized Unresectable Neuroblastoma","Regional Neuroblastoma","Stage 4 Neuroblastoma"
NCT02152137,"Anaplastic Thyroid Cancer","Recurrent Thyroid Cancer"
NCT02379416,
NCT02206334,"Male Breast Carcinoma","Prostate Adenocarcinoma","Recurrent Breast Carcinoma","Recurrent Non-Small Cell Lung Carcinoma","Recurrent Prostate Carcinoma","Stage IV Breast Cancer","Stage IV Non-Small Cell Lung Cancer","Stage IV Prostate Cancer"
NCT02112916,"Adult T Acute Lymphoblastic Leukemia","Ann Arbor Stage II Adult Lymphoblastic Lymphoma","Ann Arbor Stage II Childhood Lymphoblastic Lymphoma","Ann Arbor Stage III Adult Lymphoblastic Lymphoma","Ann Arbor Stage III Childhood Lymphoblastic Lymphoma","Ann Arbor Stage IV Adult Lymphoblastic Lymphoma","Ann Arbor Stage IV Childhood Lymphoblastic Lymphoma","Childhood T Acute Lymphoblastic Leukemia","Untreated Adult Acute Lymphoblastic Leukemia","Untreated Childhood Acute Lymphoblastic Leukemia"
NCT02115282,"Estrogen Receptor Positive","HER2/Neu Negative","Male Breast Carcinoma","Progesterone Receptor Positive","Recurrent Breast Carcinoma","Stage IIIB Breast Cancer AJCC v7","Stage IIIC Breast Cancer AJCC v7","Stage IV Breast Cancer AJCC v6 and v7"
NCT02116777,"Adult Solid Neoplasm","Childhood Solid Neoplasm","Recurrent Adult Acute Lymphoblastic Leukemia","Recurrent Childhood Acute Lymphoblastic Leukemia","Recurrent Childhood Central Nervous System Neoplasm","Recurrent Ewing Sarcoma/Peripheral Primitive Neuroectodermal Tumor","Recurrent Malignant Solid Neoplasm","Refractory Central Nervous System Neoplasm"
NCT02211755,"Neoplasms","Myelodysplastic Syndromes","Lymphomas"
NCT02200042,"Stage III Intrahepatic Cholangiocarcinoma","Stage IVA Intrahepatic Cholangiocarcinoma"
NCT02177695,
NCT02190279,"Prostatic Neoplasms","Prostate Cancer"
NCT02133183,"Glioblastoma","Gliosarcoma"
NCT02249949,
NCT02143401,"Cirrhosis","Hepatitis B Infection","Hepatitis C Infection","Metastatic Malignant Solid Neoplasm","Recurrent Hepatocellular Carcinoma","Recurrent Malignant Solid Neoplasm","Refractory Malignant Neoplasm","Stage IV Hepatocellular Carcinoma AJCC v7","Unresectable Solid Neoplasm"
NCT02143414,"Acute Lymphoblastic Leukemia","B Acute Lymphoblastic Leukemia","B Acute Lymphoblastic Leukemia With t(9;22)(q34.1;q11.2); BCR-ABL1","B Acute Lymphoblastic Leukemia, Philadelphia Chromosome Negative","Philadelphia Chromosome Positive","Recurrent Adult Acute Lymphoblastic Leukemia","Refractory Adult Acute Lymphoblastic Leukemia","Untreated Adult Acute Lymphoblastic Leukemia"
NCT02179086,"Adult Giant Cell Glioblastoma","Adult Glioblastoma","Adult Gliosarcoma"
NCT02152995,"BRAF Gene Mutation","Poorly Differentiated Thyroid Gland Carcinoma","RAS Family Gene Mutation","Recurrent Thyroid Gland Carcinoma","Stage IV Thyroid Gland Follicular Carcinoma AJCC v7","Stage IV Thyroid Gland Papillary Carcinoma AJCC v7","Stage IVA Thyroid Gland Follicular Carcinoma AJCC v7","Stage IVA Thyroid Gland Papillary Carcinoma AJCC v7","Stage IVB Thyroid Gland Follicular Carcinoma AJCC v7","Stage IVB Thyroid Gland Papillary Carcinoma AJCC v7","Stage IVC Thyroid Gland Follicular Carcinoma AJCC v7","Stage IVC Thyroid Gland Papillary Carcinoma AJCC v7"
NCT02159989,"Advanced Malignant Solid Neoplasm","Fibrolamellar Carcinoma","Metastatic Malignant Solid Neoplasm","Ovarian Carcinoma","Pancreatic Neuroendocrine Tumor","Recurrent Malignant Solid Neoplasm","Refractory Malignant Solid Neoplasm","Unresectable Solid Neoplasm"
NCT02142803,"Adult Glioblastoma","Endometrial Clear Cell Adenocarcinoma","Endometrial Serous Adenocarcinoma","Ovarian Clear Cell Cystadenocarcinoma","Ovarian Endometrioid Adenocarcinoma","Ovarian Mucinous Cystadenocarcinoma","Ovarian Serous Cystadenocarcinoma","Recurrent Fallopian Tube Carcinoma","Recurrent Ovarian Carcinoma","Recurrent Primary Peritoneal Carcinoma","Recurrent Uterine Corpus Carcinoma","Solid Neoplasm","Stage IIIA Fallopian Tube Cancer AJCC v7","Stage IIIA Ovarian Cancer AJCC v6 and v7","Stage IIIA Primary Peritoneal Cancer AJCC v7","Stage IIIB Fallopian Tube Cancer AJCC v7","Stage IIIB Ovarian Cancer AJCC v6 and v7","Stage IIIB Primary Peritoneal Cancer AJCC v7","Stage IIIC Fallopian Tube Cancer AJCC v7","Stage IIIC Ovarian Cancer AJCC v6 and v7","Stage IIIC Primary Peritoneal Cancer AJCC v7","Stage IV Fallopian Tube Cancer AJCC v6 and v7","Stage IV Ovarian Cancer AJCC v6 and v7","Stage IV Primary Peritoneal Cancer AJCC v7"
NCT02304458,"Metastatic Melanoma","Recurrent Ewing Sarcoma/Peripheral Primitive Neuroectodermal Tumor","Recurrent Hodgkin Lymphoma","Recurrent Malignant Solid Neoplasm","Recurrent Melanoma","Recurrent Neuroblastoma","Recurrent Non-Hodgkin Lymphoma","Recurrent Osteosarcoma","Recurrent Rhabdomyosarcoma","Refractory Ewing Sarcoma/Peripheral Primitive Neuroectodermal Tumor","Refractory Hodgkin Lymphoma","Refractory Malignant Solid Neoplasm","Refractory Melanoma","Refractory Neuroblastoma","Refractory Non-Hodgkin Lymphoma","Refractory Osteosarcoma","Refractory Rhabdomyosarcoma","Stage III Cutaneous Melanoma AJCC v7","Stage IIIA Cutaneous Melanoma AJCC v7","Stage IIIB Cutaneous Melanoma AJCC v7","Stage IIIC Cutaneous Melanoma AJCC v7","Stage IV Cutaneous Melanoma AJCC v6 and v7"
NCT02166463,"Ann Arbor Stage IIB Hodgkin Lymphoma","Ann Arbor Stage IIIB Hodgkin Lymphoma","Ann Arbor Stage IV Hodgkin Lymphoma","Ann Arbor Stage IVA Hodgkin Lymphoma","Ann Arbor Stage IVB Hodgkin Lymphoma","Childhood Hodgkin Lymphoma","Classic Hodgkin Lymphoma"
NCT02180867,"Adult Fibrosarcoma","Alveolar Soft Part Sarcoma","Angiomatoid Fibrous Histiocytoma","Atypical Fibroxanthoma","Clear Cell Sarcoma of Soft Tissue","Epithelioid Malignant Peripheral Nerve Sheath Tumor","Epithelioid Sarcoma","Extraskeletal Myxoid Chondrosarcoma","Extraskeletal Osteosarcoma","Fibrohistiocytic Neoplasm","Glomus Tumor of the Skin","Inflammatory Myofibroblastic Tumor","Intimal Sarcoma","Leiomyosarcoma","Liposarcoma","Low Grade Fibromyxoid Sarcoma","Low Grade Myofibroblastic Sarcoma","Malignant Cutaneous Granular Cell Tumor","Malignant Peripheral Nerve Sheath Tumor","Malignant Triton Tumor","Mesenchymal Chondrosarcoma","Myxofibrosarcoma","Myxoid Chondrosarcoma","Myxoinflammatory Fibroblastic Sarcoma","Nerve Sheath Neoplasm","PEComa","Pericytic Neoplasm","Plexiform Fibrohistiocytic Tumor","Sclerosing Epithelioid Fibrosarcoma","Stage IB Soft Tissue Sarcoma AJCC v7","Stage IIB Soft Tissue Sarcoma AJCC v7","Stage III Soft Tissue Sarcoma AJCC v7","Stage IV Soft Tissue Sarcoma AJCC v7","Synovial Sarcoma","Undifferentiated (Embryonal) Sarcoma","Undifferentiated High Grade Pleomorphic Sarcoma of Bone"
NCT02196181,"BRAF V600E Mutation Present","BRAF V600K Mutation Present","Recurrent Melanoma","Stage III Cutaneous Melanoma AJCC v7","Stage IIIA Cutaneous Melanoma AJCC v7","Stage IIIB Cutaneous Melanoma AJCC v7","Stage IIIC Cutaneous Melanoma AJCC v7","Stage IV Cutaneous Melanoma AJCC v6 and v7"
NCT02270450,"Constipation, Impaction, and Bowel Obstruction","Unspecified Adult Solid Tumor, Protocol Specific"
NCT02201992,"ALK Gene Rearrangement","ALK Gene Translocation","ALK Positive","Stage IB Non-Small Cell Lung Carcinoma AJCC v7","Stage II Non-Small Cell Lung Cancer AJCC v7","Stage IIA Non-Small Cell Lung Carcinoma AJCC v7","Stage IIB Non-Small Cell Lung Carcinoma AJCC v7","Stage IIIA Non-Small Cell Lung Cancer AJCC v7"
NCT02193282,"ALK Gene Rearrangement","EGFR Exon 19 Deletion Mutation","EGFR NP_005219.2:p.L858R","Stage IB Non-Small Cell Lung Carcinoma AJCC v7","Stage II Non-Small Cell Lung Cancer AJCC v7","Stage IIA Non-Small Cell Lung Carcinoma AJCC v7","Stage IIB Non-Small Cell Lung Carcinoma AJCC v7","Stage IIIA Non-Small Cell Lung Cancer AJCC v7"
NCT02375204,"Germ Cell Tumor","Teratoma","Choriocarcinoma","Germinoma","Mixed Germ Cell Tumor","Yolk Sac Tumor","Childhood Teratoma","Malignant Germ Cell Neoplasm","Extragonadal Seminoma","Non-seminomatous Germ Cell Tumor","Seminoma"
NCT02224781,"BRAF NP_004324.2:p.V600X","Metastatic Melanoma","Recurrent Melanoma","Stage III Cutaneous Melanoma AJCC v7","Stage IIIA Cutaneous Melanoma AJCC v7","Stage IIIB Cutaneous Melanoma AJCC v7","Stage IIIC Cutaneous Melanoma AJCC v7","Stage IV Cutaneous Melanoma AJCC v6 and v7"
NCT02203526,
NCT02364557,"Dyspnea","Fatigue","Nausea and Vomiting","Pain","Stage IV Breast Cancer"
NCT02445391,"Estrogen Receptor Negative","HER2/Neu Negative","Invasive Breast Carcinoma","Progesterone Receptor Negative","Stage II Breast Cancer","Stage IIA Breast Cancer","Stage IIB Breast Cancer","Stage III Breast Cancer","Stage IIIA Breast Cancer","Stage IIIB Breast Cancer","Stage IIIC Breast Cancer","Triple-Negative Breast Carcinoma"
NCT02243605,"Metastatic Ewing Sarcoma","Metastatic Osteosarcoma","Recurrent Ewing Sarcoma","Recurrent Osteosarcoma","Stage III Osteosarcoma AJCC v7","Stage IV Osteosarcoma AJCC v7","Stage IVA Osteosarcoma AJCC v7","Stage IVB Osteosarcoma AJCC v7","Unresectable Ewing Sarcoma","Unresectable Osteosarcoma"
NCT02298959,"Adult Solid Neoplasm","Metastatic Melanoma","Metastatic Renal Cell Cancer","Recurrent Colorectal Carcinoma","Recurrent Melanoma","Recurrent Ovarian Carcinoma","Recurrent Renal Cell Carcinoma","Stage IV Ovarian Cancer AJCC v6 and v7","Stage IVA Colorectal Cancer AJCC v7","Stage IVB Colorectal Cancer AJCC v7"
NCT02575794,
NCT02437851,"Anal Squamous Cell Carcinoma","HIV Infection","Stage 0 Anal Canal Cancer","Stage I Anal Canal Cancer"
NCT02275533,
NCT02281760,
NCT02339740,
NCT02412670,"Localized Urothelial Carcinoma of the Renal Pelvis and Ureter","Recurrent Urothelial Carcinoma of the Renal Pelvis and Ureter","Regional Urothelial Carcinoma of the Renal Pelvis and Ureter"
NCT02496208,"Clear Cell Renal Cell Carcinoma","Metastatic Malignant Neoplasm in the Bone","Metastatic Penile Carcinoma","Renal Pelvis Urothelial Carcinoma","Squamous Cell Carcinoma of the Penis","Stage III Bladder Adenocarcinoma AJCC v6 and v7","Stage III Bladder Squamous Cell Carcinoma AJCC v6 and v7","Stage III Bladder Urothelial Carcinoma AJCC v6 and v7","Stage III Penile Cancer AJCC v7","Stage III Renal Cell Cancer AJCC v7","Stage III Renal Pelvis Cancer AJCC v7","Stage III Ureter Cancer AJCC v7","Stage III Urethral Cancer AJCC v7","Stage IIIa Penile Cancer AJCC v7","Stage IIIb Penile Cancer AJCC v7","Stage IV Bladder Adenocarcinoma AJCC v7","Stage IV Bladder Squamous Cell Carcinoma AJCC v7","Stage IV Bladder Urothelial Carcinoma AJCC v7","Stage IV Penile Cancer AJCC v7","Stage IV Renal Cell Cancer AJCC v7","Stage IV Renal Pelvis Cancer AJCC v7","Stage IV Ureter Cancer AJCC v7","Stage IV Urethral Cancer AJCC v7","Ureter Urothelial Carcinoma","Urethral Urothelial Carcinoma"
NCT02306161,"Metastatic Ewing Sarcoma","Metastatic Malignant Neoplasm in the Bone","Metastatic Malignant Neoplasm in the Bone Marrow","Metastatic Malignant Neoplasm in the Lung","Metastatic Peripheral Primitive Neuroectodermal Tumor of Bone","Peripheral Primitive Neuroectodermal Tumor of Soft Tissues"
NCT02428192,"Metastatic Leiomyosarcoma","Unresectable Leiomyosarcoma","Uterine Corpus Leiomyosarcoma"
NCT02438722,"Recurrent Non-Small Cell Lung Carcinoma","Stage IV Non-Small Cell Lung Cancer"
NCT02323880,"Childhood Central Nervous System Neoplasm","Childhood Lymphoma","Childhood Solid Neoplasm","Malignant Glioma","Recurrent Brain Neoplasm"
NCT02063828,"Lung Cancer","Anxiety"
NCT02498600,"Recurrent Fallopian Tube Carcinoma","Recurrent Ovarian Carcinoma","Recurrent Primary Peritoneal Carcinoma"
NCT02317874,"Advanced Malignant Solid Neoplasm","BRCA Rearrangement","BRCA1 Gene Mutation","BRCA2 Gene Mutation","Deleterious BRCA1 Gene Mutation","Deleterious BRCA2 Gene Mutation","Metastatic Malignant Solid Neoplasm","Unresectable Solid Neoplasm"
NCT01885455,
NCT02337517,
NCT02339571,"Recurrent Melanoma of the Skin","Stage III Cutaneous Melanoma AJCC v7","Stage IIIA Cutaneous Melanoma AJCC v7","Stage IIIB Cutaneous Melanoma AJCC v7","Stage IIIC Cutaneous Melanoma AJCC v7","Stage IV Cutaneous Melanoma AJCC v6 and v7"
NCT02360215,"Cognitive Impairment","Metastatic Malignant Neoplasm in the Brain","Solid Neoplasm"
NCT02799485,
NCT02465060,"Advanced Malignant Solid Neoplasm","Bladder Carcinoma","Breast Carcinoma","Cervical Carcinoma","Colon Carcinoma","Colorectal Carcinoma","Endometrial Carcinoma","Esophageal Carcinoma","Gastric Carcinoma","Glioma","Head and Neck Carcinoma","Kidney Carcinoma","Liver and Intrahepatic Bile Duct Carcinoma","Lung Carcinoma","Lymphoma","Malignant Uterine Neoplasm","Melanoma","Ovarian Carcinoma","Pancreatic Carcinoma","Plasma Cell Myeloma","Prostate Carcinoma","Rectal Carcinoma","Recurrent Bladder Carcinoma","Recurrent Breast Carcinoma","Recurrent Cervical Carcinoma","Recurrent Colon Carcinoma","Recurrent Colorectal Carcinoma","Recurrent Esophageal Carcinoma","Recurrent Gastric Carcinoma","Recurrent Glioma","Recurrent Head and Neck Carcinoma","Recurrent Liver Carcinoma","Recurrent Lung Carcinoma","Recurrent Lymphoma","Recurrent Malignant Solid Neoplasm","Recurrent Melanoma","Recurrent Ovarian Carcinoma","Recurrent Pancreatic Carcinoma","Recurrent Plasma Cell Myeloma","Recurrent Prostate Carcinoma","Recurrent Rectal Carcinoma","Recurrent Skin Carcinoma","Recurrent Thyroid Gland Carcinoma","Recurrent Uterine Corpus Carcinoma","Refractory Lymphoma","Refractory Malignant Solid Neoplasm","Refractory Plasma Cell Myeloma","Skin Carcinoma","Thyroid Gland Carcinoma","Uterine Corpus Cancer"
NCT03047213,"Metastatic Transitional Cell Carcinoma","Metastatic Urothelial Carcinoma","Recurrent Bladder Carcinoma","Stage III Bladder Urothelial Carcinoma AJCC v6 and v7","Stage IV Bladder Urothelial Carcinoma AJCC v7","TSC1 Gene Mutation","TSC2 Gene Mutation"
NCT02535312,"Advanced Malignant Solid Neoplasm","Advanced Peritoneal Malignant Mesothelioma","Advanced Pleural Malignant Mesothelioma","Recurrent Peritoneal Malignant Mesothelioma","Recurrent Pleural Malignant Mesothelioma","Stage III Non-Small Cell Lung Cancer AJCC v7","Stage III Ovarian Cancer AJCC v6 and v7","Stage III Pleural Malignant Mesothelioma AJCC v7","Stage IIIA Non-Small Cell Lung Cancer AJCC v7","Stage IIIA Ovarian Cancer AJCC v6 and v7","Stage IIIB Non-Small Cell Lung Cancer AJCC v7","Stage IIIB Ovarian Cancer AJCC v6 and v7","Stage IIIC Ovarian Cancer AJCC v6 and v7","Stage IV Non-Small Cell Lung Cancer AJCC v7","Stage IV Ovarian Cancer AJCC v6 and v7","Stage IV Pleural Malignant Mesothelioma AJCC v7","Thymoma","Unresectable Solid Neoplasm"
NCT02488967,"Breast Adenocarcinoma","Estrogen Receptor Negative","HER2/Neu Negative","Progesterone Receptor Negative","Stage IB Breast Cancer","Stage IIA Breast Cancer","Stage IIB Breast Cancer","Stage IIIA Breast Cancer","Stage IIIC Breast Cancer","Triple-Negative Breast Carcinoma"
NCT02359565,"Constitutional Mismatch Repair Deficiency Syndrome","Lynch Syndrome","Malignant Glioma","Progressive Ependymoma","Progressive Medulloblastoma","Recurrent Brain Neoplasm","Recurrent Childhood Ependymoma","Recurrent Diffuse Intrinsic Pontine Glioma","Recurrent Medulloblastoma","Refractory Brain Neoplasm","Refractory Diffuse Intrinsic Pontine Glioma","Refractory Ependymoma","Refractory Medulloblastoma"
NCT02363283,"Recurrent Uveal Melanoma","Stage IV Uveal Melanoma AJCC v7"
NCT02381548,"Acute Myeloid Leukemia","Blast Phase Chronic Myelogenous Leukemia, BCR-ABL1 Positive","Myelodysplastic Syndrome","Previously Treated Myelodysplastic Syndrome","Recurrent Adult Acute Myeloid Leukemia","Recurrent Chronic Myelogenous Leukemia, BCR-ABL1 Positive","Refractory Acute Myeloid Leukemia","Refractory Chronic Myelogenous Leukemia, BCR-ABL1 Positive","Secondary Acute Myeloid Leukemia","Therapy-Related Acute Myeloid Leukemia","Untreated Adult Acute Myeloid Leukemia"
NCT02381561,"Advanced Bile Duct Carcinoma","Stage II Esophageal Cancer AJCC v7","Stage II Pancreatic Cancer AJCC v6 and v7","Stage IIA Esophageal Cancer AJCC v7","Stage IIA Pancreatic Cancer AJCC v6 and v7","Stage IIB Esophageal Cancer AJCC v7","Stage IIB Pancreatic Cancer AJCC v6 and v7","Stage III Colon Cancer AJCC v7","Stage III Esophageal Cancer AJCC v7","Stage III Gastric Cancer AJCC v7","Stage III Liver Cancer","Stage III Pancreatic Cancer AJCC v6 and v7","Stage III Rectal Cancer AJCC v7","Stage III Small Intestinal Cancer AJCC v7","Stage IIIA Colon Cancer AJCC v7","Stage IIIA Esophageal Cancer AJCC v7","Stage IIIA Gastric Cancer AJCC v7","Stage IIIA Rectal Cancer AJCC v7","Stage IIIA Small Intestinal Cancer AJCC v7","Stage IIIB Colon Cancer AJCC v7","Stage IIIB Esophageal Cancer AJCC v7","Stage IIIB Gastric Cancer AJCC v7","Stage IIIB Rectal Cancer AJCC v7","Stage IIIB Small Intestinal Cancer AJCC v7","Stage IIIC Colon Cancer AJCC v7","Stage IIIC Esophageal Cancer AJCC v7","Stage IIIC Gastric Cancer AJCC v7","Stage IIIC Rectal Cancer AJCC v7","Stage IV Colon Cancer AJCC v7","Stage IV Esophageal Cancer AJCC v7","Stage IV Gastric Cancer AJCC v7","Stage IV Liver Cancer","Stage IV Pancreatic Cancer AJCC v6 and v7","Stage IV Rectal Cancer AJCC v7","Stage IV Small Intestinal Cancer AJCC v7","Stage IVA Colon Cancer AJCC v7","Stage IVA Liver Cancer","Stage IVA Rectal Cancer AJCC v7","Stage IVB Colon Cancer AJCC v7","Stage IVB Liver Cancer","Stage IVB Rectal Cancer AJCC v7"
NCT02500797,"Dedifferentiated Liposarcoma","Gastrointestinal Stromal Tumor","Metastatic Liposarcoma","Metastatic Undifferentiated Pleomorphic Sarcoma","Pleomorphic Liposarcoma","Stage III Bone Sarcoma AJCC v7","Stage III Soft Tissue Sarcoma AJCC v7","Stage IV Bone Sarcoma AJCC v7","Stage IV Soft Tissue Sarcoma AJCC v7","Stage IVA Bone Sarcoma AJCC v7","Stage IVB Bone Sarcoma AJCC v7","Unresectable Liposarcoma"
NCT02516423,
NCT02521493,"Blasts 5 Percent or More of Bone Marrow Nucleated Cells","Childhood Acute Myeloid Leukemia","Childhood Myelodysplastic Syndrome","Cytopenia","Down Syndrome","Myeloid Leukemia Associated With Down Syndrome","Myeloproliferative Neoplasm","Trisomy 21","Trisomy 21 Mosaicism"
NCT02392429,"Acute Myeloid Leukemia","Untreated Adult Acute Myeloid Leukemia"
NCT02659800,"Lymphopenia","Malignant Glioma"
NCT02398773,"Estrogen Receptor Positive","HER2/Neu Negative","Progesterone Receptor Negative","Progesterone Receptor Positive","Stage IV Breast Cancer AJCC v6 and v7"
NCT02407405,"Neurofibromatosis Type 1","Plexiform Neurofibroma"
NCT02408861,"Advanced Malignant Solid Neoplasm","Anal Carcinoma","HIV Infection","Kaposi Sarcoma","Lung Carcinoma","Metastatic Malignant Solid Neoplasm","Recurrent Classic Hodgkin Lymphoma","Refractory Classic Hodgkin Lymphoma","Unresectable Solid Neoplasm"
NCT02588443,
NCT02470091,"Childhood Osteosarcoma","Metastatic Osteosarcoma","Recurrent Osteosarcoma","Stage IV Osteosarcoma AJCC v7","Stage IVA Osteosarcoma AJCC v7","Stage IVB Osteosarcoma AJCC v7"
NCT02417701,"KEAP1 Gene Mutation","KRAS Gene Mutation","NFE2L2 Gene Mutation","Recurrent Squamous Cell Lung Carcinoma","Stage IV Squamous Cell Lung Carcinoma AJCC v7"
NCT02523014,"Intracranial Meningioma","Recurrent Meningioma","NF2 Gene Mutation"
NCT02595424,"Gastric Neuroendocrine Carcinoma","Intestinal Neuroendocrine Carcinoma","Pancreatic Neuroendocrine Carcinoma"
NCT02446600,"BRCA Rearrangement","Deleterious BRCA1 Gene Mutation","Deleterious BRCA2 Gene Mutation","Fallopian Tube Clear Cell Adenocarcinoma","Fallopian Tube Transitional Cell Carcinoma","Ovarian Clear Cell Adenocarcinoma","Ovarian Endometrioid Tumor","Ovarian Seromucinous Carcinoma","Ovarian Serous Tumor","Ovarian Transitional Cell Carcinoma","Recurrent Fallopian Tube Carcinoma","Recurrent Ovarian Carcinoma","Recurrent Ovarian Endometrioid Adenocarcinoma","Recurrent Primary Peritoneal Carcinoma","Undifferentiated Fallopian Tube Carcinoma","Undifferentiated Ovarian Carcinoma"
NCT02502266,"Deleterious BRCA1 Gene Mutation","Deleterious BRCA2 Gene Mutation","Fallopian Tube Clear Cell Adenocarcinoma","Fallopian Tube Endometrioid Adenocarcinoma","Fallopian Tube Serous Adenocarcinoma","Fallopian Tube Transitional Cell Carcinoma","Ovarian Clear Cell Adenocarcinoma","Ovarian Endometrioid Adenocarcinoma","Ovarian Seromucinous Carcinoma","Ovarian Serous Adenocarcinoma","Ovarian Transitional Cell Carcinoma","Primary Peritoneal Serous Adenocarcinoma","Recurrent Fallopian Tube Carcinoma","Recurrent Ovarian Carcinoma","Recurrent Primary Peritoneal Carcinoma","Undifferentiated Fallopian Tube Carcinoma","Undifferentiated Ovarian Carcinoma"
NCT02443077,"Diffuse Large B-Cell Lymphoma Activated B-Cell Type","Diffuse Large B-Cell Lymphoma, Not Otherwise Specified","High Grade B-Cell Lymphoma, Not Otherwise Specified","Recurrent Burkitt Lymphoma","Recurrent Diffuse Large B-Cell Lymphoma","Refractory Burkitt Lymphoma","Refractory Diffuse Large B-Cell Lymphoma"
NCT02423057,"Neoplasms","Solid Tumors"
NCT02453620,"Breast Adenocarcinoma","HER2/Neu Negative","Invasive Breast Carcinoma","Metastatic Malignant Solid Neoplasm","Stage III Breast Cancer AJCC v7","Stage IIIA Breast Cancer AJCC v7","Stage IIIB Breast Cancer AJCC v7","Stage IIIC Breast Cancer AJCC v7","Stage IV Breast Cancer AJCC v6 and v7","Unresectable Solid Neoplasm"
NCT02564198,"Pediatric Solid Tumor","Refractory Tumor","Recurrent Tumor","CNS Malignancies"
NCT02466971,"Cervical Adenocarcinoma","Cervical Adenosquamous Carcinoma","Cervical Squamous Cell Carcinoma, Not Otherwise Specified","Stage IB2 Cervical Cancer AJCC v6 and v7","Stage II Cervical Cancer AJCC v7","Stage II Vaginal Cancer AJCC v6 and v7","Stage IIA Cervical Cancer AJCC v7","Stage IIB Cervical Cancer AJCC v6 and v7","Stage III Vaginal Cancer AJCC v6 and v7","Stage IIIB Cervical Cancer AJCC v6 and v7","Stage IVA Cervical Cancer AJCC v6 and v7","Stage IVA Vaginal Cancer AJCC v6 and v7","Vaginal Adenocarcinoma","Vaginal Adenosquamous Carcinoma","Vaginal Squamous Cell Carcinoma, Not Otherwise Specified"
NCT02474173,"Estrogen Receptor Negative","HER2/Neu Negative","Progesterone Receptor Negative","Stage III Breast Cancer AJCC v7","Stage IIIA Breast Cancer AJCC v7","Stage IIIB Breast Cancer AJCC v7","Stage IIIC Breast Cancer AJCC v7","Stage IV Breast Cancer AJCC v6 and v7","Triple-Negative Breast Carcinoma"
NCT02484430,"Acute Lymphoblastic Leukemia in Remission","B Acute Lymphoblastic Leukemia","B Acute Lymphoblastic Leukemia With t(9;22)(q34.1;q11.2); BCR-ABL1","B Acute Lymphoblastic Leukemia, Philadelphia Chromosome Negative","Blasts 10 Percent or More of Bone Marrow Nucleated Cells","Recurrent Adult Acute Lymphoblastic Leukemia","Refractory Adult Acute Lymphoblastic Leukemia","T Acute Lymphoblastic Leukemia"
NCT02484443,"Metastatic Malignant Neoplasm in the Lung","Metastatic Osteosarcoma","Recurrent Osteosarcoma"
NCT02496663,"EGFR Exon 19 Deletion Mutation","EGFR Exon 20 Insertion Mutation","EGFR NP_005219.2:p.G719X","EGFR NP_005219.2:p.L858R","EGFR NP_005219.2:p.L861Q","EGFR NP_005219.2:p.T790M","EGFR T790M Mutation Negative","Recurrent Non-Small Cell Lung Carcinoma","Stage IV Non-Small Cell Lung Cancer AJCC v7"
NCT02498613,"Estrogen Receptor Negative","HER2/Neu Negative","Metastatic Pancreatic Adenocarcinoma","Pancreatic Ductal Adenocarcinoma","Progesterone Receptor Negative","Stage III Breast Cancer AJCC v7","Stage III Non-Small Cell Lung Cancer AJCC v7","Stage III Pancreatic Cancer AJCC v6 and v7","Stage III Small Cell Lung Carcinoma AJCC v7","Stage IIIA Breast Cancer AJCC v7","Stage IIIA Non-Small Cell Lung Cancer AJCC v7","Stage IIIA Small Cell Lung Carcinoma AJCC v7","Stage IIIB Breast Cancer AJCC v7","Stage IIIB Non-Small Cell Lung Cancer AJCC v7","Stage IIIB Small Cell Lung Carcinoma AJCC v7","Stage IIIC Breast Cancer AJCC v7","Stage IV Breast Cancer AJCC v6 and v7","Stage IV Non-Small Cell Lung Cancer AJCC v7","Stage IV Pancreatic Cancer AJCC v6 and v7","Stage IV Small Cell Lung Carcinoma AJCC v7","Triple-Negative Breast Carcinoma","Unresectable Pancreatic Carcinoma"
NCT02503709,"Advanced Malignant Solid Neoplasm","Metastatic Malignant Solid Neoplasm","Unresectable Solid Neoplasm"
NCT02503722,"EGFR Activating Mutation","EGFR Exon 19 Deletion Mutation","EGFR NP_005219.2:p.G719X","EGFR NP_005219.2:p.L858R","EGFR NP_005219.2:p.L861Q","EGFR T790M Mutation Negative","Recurrent Non-Small Cell Lung Carcinoma","Stage III Non-Small Cell Lung Cancer AJCC v7","Stage IIIA Non-Small Cell Lung Cancer AJCC v7","Stage IIIB Non-Small Cell Lung Cancer AJCC v7","Stage IV Non-Small Cell Lung Cancer AJCC v7"
NCT02613364,"Cancer Survivor","Insomnia","Malignant Neoplasm"
NCT02308085,
NCT02562716,"Pancreatic Adenocarcinoma","Resectable Pancreatic Carcinoma"
NCT02520778,"EGFR Activating Mutation","EGFR Exon 19 Deletion Mutation","EGFR NP_005219.2:p.G719X","EGFR NP_005219.2:p.L858R","EGFR NP_005219.2:p.L861Q","EGFR NP_005219.2:p.T790M","Stage III Non-Small Cell Lung Cancer AJCC v7","Stage IIIA Non-Small Cell Lung Cancer AJCC v7","Stage IIIB Non-Small Cell Lung Cancer AJCC v7","Stage IV Non-Small Cell Lung Cancer AJCC v7"
NCT02520791,"Follicular T-Cell Lymphoma","Grade 1 Follicular Lymphoma","Grade 2 Follicular Lymphoma","Grade 3a Follicular Lymphoma","Recurrent Angioimmunoblastic T-Cell Lymphoma","Recurrent Follicular Lymphoma","Recurrent Mature T- and NK-Cell Non-Hodgkin Lymphoma","Recurrent Mycosis Fungoides","Recurrent Primary Cutaneous T-Cell Non-Hodgkin Lymphoma","Refractory Angioimmunoblastic T-Cell Lymphoma","Refractory Follicular Lymphoma","Refractory Mature T-Cell and NK-Cell Non-Hodgkin Lymphoma","Stage IB Mycosis Fungoides AJCC v7","Stage II Mycosis Fungoides AJCC v7","Stage III Cutaneous T-Cell Non-Hodgkin Lymphoma","Stage III Mycosis Fungoides AJCC v7","Stage IV Cutaneous T-Cell Non-Hodgkin Lymphoma","Stage IV Mycosis Fungoides AJCC v7"
NCT02490878,"Radionecrosis","Brain Metastases"
NCT02535325,"Non-Squamous Non-Small Cell Lung Carcinoma","Stage III Large Cell Lung Carcinoma AJCC v7","Stage III Lung Adenocarcinoma AJCC v7","Stage III Non-Small Cell Lung Cancer AJCC v7","Stage IIIA Large Cell Lung Carcinoma AJCC v7","Stage IIIA Lung Adenocarcinoma AJCC v7","Stage IIIA Non-Small Cell Lung Cancer AJCC v7","Stage IIIB Large Cell Lung Carcinoma AJCC v7","Stage IIIB Lung Adenocarcinoma AJCC v7","Stage IIIB Non-Small Cell Lung Cancer AJCC v7","Stage IV Large Cell Lung Carcinoma AJCC v7","Stage IV Lung Adenocarcinoma AJCC v7","Stage IV Non-Small Cell Lung Cancer AJCC v7"
NCT02535338,"EGFR Activating Mutation","EGFR Exon 20 Insertion Mutation","Recurrent Non-Small Cell Lung Carcinoma","Stage IV Non-Small Cell Lung Cancer AJCC v7"
NCT02635009,"Extensive Stage Small Cell Lung Carcinoma","Limited Stage Small Cell Lung Carcinoma"
NCT02568553,"CD19 Positive","Mediastinal Lymphoma","Recurrent B-Cell Lymphoma, Unclassifiable, With Features Intermediate Between Diffuse Large B-Cell Lymphoma and Classic Hodgkin Lymphoma","Recurrent Burkitt Lymphoma","Recurrent Diffuse Large B-Cell Lymphoma","Recurrent Grade 1 Follicular Lymphoma","Recurrent Grade 2 Follicular Lymphoma","Recurrent Grade 3 Follicular Lymphoma","Recurrent Mantle Cell Lymphoma","Recurrent Marginal Zone Lymphoma","Recurrent Mediastinal Lymphoma","Recurrent Non-Hodgkin Lymphoma","Recurrent Small Lymphocytic Lymphoma","Refractory B-Cell Lymphoma, Unclassifiable, With Features Intermediate Between Diffuse Large B-Cell Lymphoma and Classic Hodgkin Lymphoma","Refractory Burkitt Lymphoma","Refractory Diffuse Large B-Cell Lymphoma","Refractory Follicular Lymphoma","Refractory Mantle Cell Lymphoma","Refractory Marginal Zone Lymphoma","Refractory Mediastinal Lymphoma","Refractory Non-Hodgkin Lymphoma","Refractory Small Lymphocytic Lymphoma"
NCT02567409,"Metastatic Urothelial Carcinoma of the Renal Pelvis and Ureter","Stage IV Bladder Urothelial Carcinoma AJCC v7"
NCT02567422,"Head and Neck Squamous Cell Carcinoma","Human Papillomavirus Negative","Stage III Nasal Cavity and Paranasal Sinus Squamous Cell Carcinoma AJCC v6 and v7","Stage III Oropharyngeal Squamous Cell Carcinoma AJCC v7","Stage IV Nasal Cavity and Paranasal Sinus Squamous Cell Carcinoma AJCC v7","Stage IV Oropharyngeal Squamous Cell Carcinoma AJCC v7","Stage IVA Nasal Cavity and Paranasal Sinus Squamous Cell Carcinoma AJCC v7","Stage IVA Oropharyngeal Squamous Cell Carcinoma AJCC v7","Stage IVB Nasal Cavity and Paranasal Sinus Squamous Cell Carcinoma AJCC v7","Stage IVB Oropharyngeal Squamous Cell Carcinoma AJCC v7","Stage IVC Nasal Cavity and Paranasal Sinus Squamous Cell Carcinoma AJCC v7","Stage IVC Oropharyngeal Squamous Cell Carcinoma AJCC v7"
NCT02567435,"Alveolar Rhabdomyosarcoma","Botryoid-Type Embryonal Rhabdomyosarcoma","Embryonal Rhabdomyosarcoma","Rhabdomyosarcoma","Sclerosing Rhabdomyosarcoma","Spindle Cell Rhabdomyosarcoma","Untreated Childhood Rhabdomyosarcoma"
NCT02572453,"ALK Positive","BCL6 Positive","Recurrent Anaplastic Large Cell Lymphoma","Recurrent Diffuse Large B-Cell Lymphoma","Recurrent Mantle Cell Lymphoma","Refractory Anaplastic Large Cell Lymphoma","Refractory Diffuse Large B-Cell Lymphoma","Refractory Mantle Cell Lymphoma"
NCT02749903,
NCT02761057,"Stage III Renal Cell Cancer AJCC v7","Stage IV Renal Cell Cancer AJCC v7","Type 1 Papillary Renal Cell Carcinoma","Type 2 Papillary Renal Cell Carcinoma"
NCT02581930,"Metastatic Melanoma","Recurrent Melanoma of the Skin","Stage IV Skin Melanoma"
NCT02797470,"HIV Infection","Mature T-Cell and NK-Cell Non-Hodgkin Lymphoma","Plasmablastic Lymphoma","Recurrent Adult Hodgkin Lymphoma","Recurrent Adult Non-Hodgkin Lymphoma","Recurrent Burkitt Lymphoma","Recurrent Follicular Lymphoma","Stage III Follicular Lymphoma","Stage III Mantle Cell Lymphoma","Stage IV Follicular Lymphoma","Stage IV Mantle Cell Lymphoma"
NCT02589522,"Lung Carcinoma Metastatic in the Brain","Lung Neuroendocrine Neoplasm","Stage IV Non-Small Cell Lung Cancer AJCC v7","Stage IV Small Cell Lung Carcinoma AJCC v7"
NCT02595866,"AIDS-Related Non-Hodgkin Lymphoma","Classic Hodgkin Lymphoma","HIV Infection","Locally Advanced Malignant Neoplasm","Locally Advanced Malignant Solid Neoplasm","Metastatic Malignant Neoplasm","Metastatic Malignant Solid Neoplasm","Recurrent Hepatocellular Carcinoma","Recurrent Hodgkin Lymphoma","Recurrent Kaposi Sarcoma","Recurrent Malignant Neoplasm","Recurrent Melanoma of the Skin","Recurrent Non-Hodgkin Lymphoma","Recurrent Non-Small Cell Lung Carcinoma","Refractory Hodgkin Lymphoma","Refractory Malignant Neoplasm","Refractory Malignant Solid Neoplasm","Stage IIIA Cutaneous Melanoma AJCC v7","Stage IIIA Hepatocellular Carcinoma AJCC v7","Stage IIIA Non-Small Cell Lung Cancer AJCC v7","Stage IIIB Cutaneous Melanoma AJCC v7","Stage IIIB Hepatocellular Carcinoma AJCC v7","Stage IIIB Non-Small Cell Lung Cancer AJCC v7","Stage IIIC Cutaneous Melanoma AJCC v7","Stage IIIC Hepatocellular Carcinoma AJCC v7","Stage IV Cutaneous Melanoma AJCC v6 and v7","Stage IV Non-Small Cell Lung Cancer AJCC v7","Stage IVA Hepatocellular Carcinoma AJCC v7","Stage IVB Hepatocellular Carcinoma AJCC v7"
NCT02595879,"Cervical Adenocarcinoma","Cervical Adenosquamous Carcinoma","Cervical Squamous Cell Carcinoma, Not Otherwise Specified","Stage IB Vulvar Cancer AJCC v7","Stage IB2 Cervical Cancer AJCC v6 and v7","Stage II Vulvar Cancer AJCC v7","Stage IIA1 Cervical Cancer AJCC v7","Stage IIA2 Cervical Cancer AJCC v7","Stage IIB Cervical Cancer AJCC v6 and v7","Stage IIIA Cervical Cancer AJCC v6 and v7","Stage IIIA Vulvar Cancer AJCC v7","Stage IIIB Cervical Cancer AJCC v6 and v7","Stage IIIB Vulvar Cancer AJCC v7","Stage IIIC Vulvar Cancer AJCC v7","Stage IVA Cervical Cancer AJCC v6 and v7","Stage IVA Vulvar Cancer AJCC v7","Vulvar Adenocarcinoma","Vulvar Squamous Cell Carcinoma"
NCT02595892,"Ovarian Serous Tumor","Recurrent Fallopian Tube Carcinoma","Recurrent Ovarian Carcinoma","Recurrent Primary Peritoneal Carcinoma"
NCT02734537,"Head and Neck Squamous Cell Carcinoma","Hypopharyngeal Squamous Cell Carcinoma","Laryngeal Squamous Cell Carcinoma","Laryngeal Squamous Cell Carcinoma, Spindle Cell Variant","Lip and Oral Cavity Squamous Cell Carcinoma","p16INK4a Negative Oropharyngeal Squamous Cell Carcinoma","Stage III Hypopharyngeal Carcinoma AJCC v8","Stage III Laryngeal Cancer AJCC v8","Stage III Lip and Oral Cavity Cancer AJCC v8","Stage III Oral Cavity Verrucous Carcinoma","Stage III Oropharyngeal (p16-Negative) Carcinoma AJCC v8","Stage IVA Hypopharyngeal Carcinoma AJCC v8","Stage IVA Laryngeal Cancer AJCC v8","Stage IVA Lip and Oral Cavity Cancer AJCC v8","Stage IVA Oral Cavity Verrucous Carcinoma","Stage IVA Oropharyngeal (p16-Negative) Carcinoma AJCC v8"
NCT02595905,"Breast Carcinoma Metastatic in the Brain","Deleterious BRCA1 Gene Mutation","Deleterious BRCA2 Gene Mutation","Estrogen Receptor Negative","HER2/Neu Negative","Progesterone Receptor Negative","Recurrent Breast Carcinoma","Stage IV Breast Cancer AJCC v6 and v7","Triple-Negative Breast Carcinoma"
NCT02595918,"Clear Cell Renal Cell Carcinoma","Stage I Renal Cell Cancer AJCC v6 and v7","Stage II Renal Cell Cancer AJCC v7","Stage III Renal Cell Cancer AJCC v7"
NCT02595931,"Advanced Malignant Solid Neoplasm","Metastatic Malignant Neoplasm","Refractory Malignant Neoplasm","Unresectable Malignant Neoplasm"
NCT02595944,"Stage IB Non-Small Cell Lung Carcinoma AJCC v7","Stage II Non-Small Cell Lung Cancer AJCC v7","Stage IIA Non-Small Cell Lung Carcinoma AJCC v7","Stage IIB Non-Small Cell Lung Carcinoma AJCC v7","Stage IIIA Non-Small Cell Lung Cancer AJCC v7"
NCT02642965,"Blasts 5 Percent or More of Bone Marrow Nucleated Cells","Recurrent Childhood Acute Myeloid Leukemia","Secondary Acute Myeloid Leukemia","Therapy-Related Acute Myeloid Leukemia"
NCT02750826,
NCT02717455,
NCT02601209,"High Grade Sarcoma","Metastatic Leiomyosarcoma","Metastatic Malignant Peripheral Nerve Sheath Tumor","Metastatic Synovial Sarcoma","Metastatic Undifferentiated Pleomorphic Sarcoma","Myxofibrosarcoma","Recurrent Leiomyosarcoma","Recurrent Malignant Peripheral Nerve Sheath Tumor","Recurrent Synovial Sarcoma","Recurrent Undifferentiated Pleomorphic Sarcoma","Uterine Corpus Leiomyosarcoma"
NCT02627443,"High Grade Ovarian Serous Adenocarcinoma","Ovarian Endometrioid Tumor","Recurrent Fallopian Tube Carcinoma","Recurrent Ovarian Carcinoma","Recurrent Primary Peritoneal Carcinoma","Stage IV Fallopian Tube Cancer AJCC v6 and v7","Stage IV Ovarian Cancer AJCC v6 and v7","Stage IV Primary Peritoneal Cancer AJCC v7"
NCT02631733,
NCT02631746,"Acute Adult T-Cell Leukemia/Lymphoma","Adult T-Cell Leukemia/Lymphoma","CD3 Positive","CD4-Positive Neoplastic Cells Present","Chronic Adult T-Cell Leukemia/Lymphoma","HTLV-1 Infection","Hypercalcemia","Lymphomatous Adult T-Cell Leukemia/Lymphoma","Recurrent Adult T-Cell Leukemia/Lymphoma","Smoldering Adult T-Cell Leukemia/Lymphoma"
NCT02890355,"Metastatic Pancreatic Adenocarcinoma","Recurrent Pancreatic Carcinoma","Stage IV Pancreatic Cancer AJCC v6 and v7"
NCT02642042,"KRAS Gene Mutation","Recurrent Non-Small Cell Lung Carcinoma","Stage IV Non-Small Cell Lung Cancer AJCC v7"
NCT02823652,"Advanced Malignant Neoplasm","Locally Advanced Malignant Neoplasm"
NCT02785952,"Recurrent Squamous Cell Lung Carcinoma","Stage IV Squamous Cell Lung Carcinoma AJCC v7"
NCT03077451,"Recurrent Kaposi Sarcoma","Skin Kaposi Sarcoma"
NCT02724579,"Medulloblastoma","Untreated Childhood Medulloblastoma"
NCT02689453,"Leukemia, Adult T-Cell","HTLV I Associated T Cell Leukemia","Adult T-Cell Leukemia (ATL)","Peripheral T-Cell Lymphoma (PTCL)","Cutaneous T Cell Lymphoma (CTCL)"
NCT02713386,"Fallopian Tube Clear Cell Adenocarcinoma","Fallopian Tube Endometrioid Adenocarcinoma","Fallopian Tube Serous Neoplasm","High Grade Ovarian Serous Adenocarcinoma","Ovarian Clear Cell Adenocarcinoma","Ovarian Endometrioid Adenocarcinoma","Primary Peritoneal Serous Adenocarcinoma","Stage III Fallopian Tube Cancer AJCC v7","Stage III Ovarian Cancer AJCC v6 and v7","Stage III Primary Peritoneal Cancer AJCC v7","Stage IIIA Fallopian Tube Cancer AJCC v7","Stage IIIA Ovarian Cancer AJCC v6 and v7","Stage IIIA Primary Peritoneal Cancer AJCC v7","Stage IIIB Fallopian Tube Cancer AJCC v7","Stage IIIB Ovarian Cancer AJCC v6 and v7","Stage IIIB Primary Peritoneal Cancer AJCC v7","Stage IIIC Fallopian Tube Cancer AJCC v7","Stage IIIC Ovarian Cancer AJCC v6 and v7","Stage IIIC Primary Peritoneal Cancer AJCC v7","Stage IV Fallopian Tube Cancer AJCC v6 and v7","Stage IV Ovarian Cancer AJCC v6 and v7","Stage IV Primary Peritoneal Cancer AJCC v7"
NCT02921256,"Rectal Adenocarcinoma","Stage II Rectal Cancer AJCC v7","Stage III Rectal Cancer AJCC v7"
NCT02717507,
NCT02927249,
NCT02933489,
NCT02728596,"Febrile Neutropenia","Stage 0 Breast Cancer","Stage 0 Colorectal Cancer","Stage 0 Non-Small Cell Lung Cancer","Stage I Colorectal Cancer","Stage IA Breast Cancer","Stage IA Non-Small Cell Lung Carcinoma","Stage IB Breast Cancer","Stage IB Non-Small Cell Lung Carcinoma","Stage IIA Breast Cancer","Stage IIA Colorectal Cancer","Stage IIA Non-Small Cell Lung Carcinoma","Stage IIB Breast Cancer","Stage IIB Colorectal Cancer","Stage IIB Non-Small Cell Lung Carcinoma","Stage IIC Colorectal Cancer","Stage IIIA Breast Cancer","Stage IIIA Colorectal Cancer","Stage IIIA Non-Small Cell Lung Cancer","Stage IIIB Breast Cancer","Stage IIIB Colorectal Cancer","Stage IIIB Non-Small Cell Lung Cancer","Stage IIIC Breast Cancer","Stage IIIC Colorectal Cancer","Stage IV Breast Cancer","Stage IV Non-Small Cell Lung Cancer","Stage IVA Colorectal Cancer","Stage IVB Colorectal Cancer"
NCT02728258,"Endometrial Endometrioid Adenocarcinoma","Endometrial Mixed Adenocarcinoma","Endometrial Serous Adenocarcinoma","Endometrial Undifferentiated Carcinoma","Metastatic Endometrioid Adenocarcinoma","PIK3CA Gene Mutation","Recurrent Uterine Corpus Carcinoma"
NCT03055013,"Sarcomatoid Renal Cell Carcinoma","Stage II Renal Cell Cancer AJCC v7","Stage III Renal Cell Cancer AJCC v7","Unclassified Renal Cell Carcinoma"
NCT02723864,
NCT03091660,"Stage 0 Bladder Urothelial Carcinoma","Stage 0is Bladder Urothelial Carcinoma","Stage I Bladder Urothelial Carcinoma"
NCT02839343,"Pancreatic Adenocarcinoma","Borderline Resectable Adenocarcinoma of the Head of the Pancrease"
NCT02808650,"Childhood Solid Neoplasm","Recurrent Central Nervous System Neoplasm","Recurrent Malignant Solid Neoplasm","Refractory Central Nervous System Neoplasm","Refractory Malignant Solid Neoplasm"
NCT02775851,
NCT02775812,"CDKN2A-p16 Negative","Stage III Hypopharyngeal Squamous Cell Carcinoma AJCC v7","Stage III Laryngeal Squamous Cell Carcinoma AJCC v6 and v7","Stage III Oral Cavity Squamous Cell Carcinoma AJCC v6 and v7","Stage III Oropharyngeal Squamous Cell Carcinoma AJCC v7","Stage IVA Hypopharyngeal Squamous Cell Carcinoma AJCC v7","Stage IVA Laryngeal Squamous Cell Carcinoma AJCC v7","Stage IVA Oral Cavity Squamous Cell Carcinoma AJCC v6 and v7","Stage IVA Oropharyngeal Squamous Cell Carcinoma AJCC v7","Stage IVB Hypopharyngeal Squamous Cell Carcinoma AJCC v7","Stage IVB Laryngeal Squamous Cell Carcinoma AJCC v7","Stage IVB Oral Cavity Squamous Cell Carcinoma AJCC v6 and v7","Stage IVB Oropharyngeal Squamous Cell Carcinoma AJCC v7"
NCT02780804,"Childhood Brain Stem Neoplasm","Childhood Lymphoma","Childhood Solid Neoplasm","Pineal Region Neoplasm","Recurrent Childhood Central Nervous System Neoplasm","Recurrent Childhood Visual Pathway Glioma","Refractory Central Nervous System Neoplasm"
NCT03030417,"Solid Tumors","Lymphoma"
NCT03165721,"Paraganglioma","Gastrointestinal Stromal Tumors","Carcinoma, Renal Cell","Renal Neoplasms","Pheochromocytoma"
NCT03137771,"Recurrent Non-Small Cell Lung Carcinoma","Stage IV Non-Small Cell Lung Cancer"
NCT03033992,"Malignant Glioma","Ependymoma"
NCT03041701,"Rhabdomyosarcoma","Rhabdomyosarcoma- Alveolar","Rhabdomyosarcoma-Embryonal"
NCT03070886,"Stage I Prostate Adenocarcinoma","Stage II Prostate Adenocarcinoma","Stage III Prostate Adenocarcinoma"
NCT02828358,"Acute Leukemia of Ambiguous Lineage","Childhood B Acute Lymphoblastic Leukemia","KMT2A Gene Rearrangement","Mixed Phenotype Acute Leukemia"
NCT03141684,
NCT02834013,"Acinar Cell Carcinoma","Adenoid Cystic Carcinoma","Adrenal Cortex Carcinoma","Adrenal Gland Pheochromocytoma","Anal Canal Neuroendocrine Carcinoma","Anal Canal Undifferentiated Carcinoma","Appendix Mucinous Adenocarcinoma","Bartholin Gland Transitional Cell Carcinoma","Bladder Adenocarcinoma","Cervical Adenocarcinoma","Cholangiocarcinoma","Chordoma","Colorectal Squamous Cell Carcinoma","Desmoid-Type Fibromatosis","Endometrial Transitional Cell Carcinoma","Endometrioid Adenocarcinoma","Esophageal Neuroendocrine Carcinoma","Esophageal Undifferentiated Carcinoma","Extrahepatic Bile Duct Carcinoma","Fallopian Tube Adenocarcinoma","Fallopian Tube Transitional Cell Carcinoma","Fibromyxoid Tumor","Gastric Neuroendocrine Carcinoma","Gastric Squamous Cell Carcinoma","Gastrointestinal Stromal Tumor","Giant Cell Carcinoma","Intestinal Neuroendocrine Carcinoma","Intrahepatic Cholangiocarcinoma","Lung Carcinoid Tumor","Lung Sarcomatoid Carcinoma","Major Salivary Gland Carcinoma","Malignant Odontogenic Neoplasm","Malignant Peripheral Nerve Sheath Tumor","Malignant Testicular Sex Cord-Stromal Tumor","Metaplastic Breast Carcinoma","Metastatic Malignant Neoplasm of Unknown Primary Origin","Minimally Invasive Lung Adenocarcinoma","Mixed Mesodermal (Mullerian) Tumor","Mucinous Adenocarcinoma","Mucinous Cystadenocarcinoma","Nasal Cavity Adenocarcinoma","Nasal Cavity Carcinoma","Nasopharyngeal Carcinoma","Nasopharyngeal Papillary Adenocarcinoma","Nasopharyngeal Undifferentiated Carcinoma","Oral Cavity Carcinoma","Oropharyngeal Undifferentiated Carcinoma","Ovarian Adenocarcinoma","Ovarian Germ Cell Tumor","Ovarian Mucinous Adenocarcinoma","Ovarian Squamous Cell Carcinoma","Ovarian Transitional Cell Carcinoma","Pancreatic Acinar Cell Carcinoma","Pancreatic Neuroendocrine Carcinoma","Paraganglioma","Paranasal Sinus Adenocarcinoma","Paranasal Sinus Carcinoma","Parathyroid Gland Carcinoma","Pituitary Gland Carcinoma","Placental Choriocarcinoma","Placental-Site Gestational Trophoblastic Tumor","Primary Peritoneal High Grade Serous Adenocarcinoma","Pseudomyxoma Peritonei","Rare Disorder","Scrotal Squamous Cell Carcinoma","Seminal Vesicle Adenocarcinoma","Seminoma","Serous Cystadenocarcinoma","Small Intestinal Adenocarcinoma","Small Intestinal Squamous Cell Carcinoma","Spindle Cell Neoplasm","Squamous Cell Carcinoma of the Penis","Teratoma With Malignant Transformation","Testicular Non-Seminomatous Germ Cell Tumor","Thyroid Gland Carcinoma","Tracheal Carcinoma","Transitional Cell Carcinoma","Undifferentiated Gastric Carcinoma","Ureter Adenocarcinoma","Ureter Squamous Cell Carcinoma","Urethral Adenocarcinoma","Urethral Squamous Cell Carcinoma","Vaginal Adenocarcinoma","Vaginal Squamous Cell Carcinoma, Not Otherwise Specified","Vulvar Carcinoma"
NCT02839707,"Fallopian Tube Clear Cell Adenocarcinoma","Fallopian Tube Endometrioid Adenocarcinoma","High Grade Fallopian Tube Serous Adenocarcinoma","High Grade Ovarian Serous Adenocarcinoma","Ovarian Clear Cell Adenocarcinoma","Ovarian Endometrioid Adenocarcinoma","Ovarian Seromucinous Carcinoma","Primary Peritoneal High Grade Serous Adenocarcinoma","Recurrent Fallopian Tube Carcinoma","Recurrent Ovarian Carcinoma","Recurrent Primary Peritoneal Carcinoma","Undifferentiated Fallopian Tube Carcinoma","Undifferentiated Ovarian Carcinoma"
NCT02839720,"Appearance Distress","Bothered by Itching Skin","Cafe Au Lait Spot","Cutaneous Neurofibroma","Disfigurement","Dysplasia","Lisch Nodule","Neurofibromatosis Type 1","NF1 Gene Mutation","Optic Nerve Glioma"
NCT03109301,"Neoplasms, Nerve Tissue","Neurofibromatosis 1","Heredodegenerative Disorders, Nervous System","Peripheral Nervous System Diseases"
NCT02844816,"Recurrent Bladder Urothelial Carcinoma","Stage 0a Bladder Urothelial Carcinoma AJCC v6 and v7","Stage 0is Bladder Urothelial Carcinoma AJCC v6 and v7","Stage I Bladder Cancer With Carcinoma In Situ","Stage I Bladder Urothelial Carcinoma AJCC v6 and v7"
NCT02887521,"Non-small Cell Lung Cancer (NSCLC)","Chronic Obstructive Pulmonary Disease (COPD)"
NCT02900976,"CD20 Positive","EBV-Related Post-Transplant Lymphoproliferative Disorder","Epstein-Barr Virus Positive","Monomorphic Post-Transplant Lymphoproliferative Disorder","Polymorphic Post-Transplant Lymphoproliferative Disorder","Solid Organ Transplantation Recipient"
NCT02849496,"BRCA1 Gene Mutation","BRCA2 Gene Mutation","Estrogen Receptor Negative","HER2/Neu Negative","Progesterone Receptor Negative","Recurrent Breast Carcinoma","Stage III Breast Cancer AJCC v7","Stage IIIA Breast Cancer AJCC v7","Stage IIIB Breast Cancer AJCC v7","Stage IIIC Breast Cancer AJCC v7","Stage IV Breast Cancer AJCC v6 and v7","Triple-Negative Breast Carcinoma"
NCT02862275,"Hematopoietic and Lymphoid Cell Neoplasm","Metastatic Malignant Solid Neoplasm","Unresectable Solid Neoplasm"
NCT02867592,"Adrenal Cortex Carcinoma","Adult Alveolar Soft Part Sarcoma","Adult Clear Cell Sarcoma of Soft Parts","Adult Hepatocellular Carcinoma","Adult Rhabdomyosarcoma","Adult Soft Tissue Sarcoma","Childhood Alveolar Soft Part Sarcoma","Childhood Central Nervous System Neoplasm","Childhood Clear Cell Sarcoma of Soft Parts","Childhood Hepatocellular Carcinoma","Childhood Rhabdomyosarcoma","Childhood Soft Tissue Sarcoma","Childhood Solid Neoplasm","Ewing Sarcoma","Hepatoblastoma","Hepatocellular Carcinoma","Recurrent Adrenal Cortex Carcinoma","Recurrent Adult Hepatocellular Carcinoma","Recurrent Adult Soft Tissue Sarcoma","Recurrent Alveolar Soft Part Sarcoma","Recurrent Childhood Central Nervous System Neoplasm","Recurrent Childhood Hepatocellular Carcinoma","Recurrent Childhood Soft Tissue Sarcoma","Recurrent Ewing Sarcoma","Recurrent Hepatoblastoma","Recurrent Malignant Solid Neoplasm","Recurrent Osteosarcoma","Recurrent Renal Cell Carcinoma","Recurrent Rhabdomyosarcoma","Refractory Osteosarcoma","Renal Cell Carcinoma","Thyroid Gland Medullary Carcinoma","Wilms Tumor"
NCT02879695,"B Acute Lymphoblastic Leukemia","B Acute Lymphoblastic Leukemia With t(9;22)(q34.1;q11.2); BCR-ABL1","CD19-Positive Neoplastic Cells Present","Mixed Phenotype Acute Leukemia","Mixed Phenotype Acute Leukemia With t(9;22)(q34.1;q11.2); BCR-ABL1","Recurrent B Acute Lymphoblastic Leukemia","Refractory B Acute Lymphoblastic Leukemia"
NCT02883062,"Estrogen Receptor Negative","HER2/Neu Negative","Invasive Breast Carcinoma","Progesterone Receptor Negative","Stage II Breast Cancer AJCC v6 and v7","Stage IIA Breast Cancer AJCC v6 and v7","Stage IIB Breast Cancer AJCC v6 and v7","Stage III Breast Cancer AJCC v7","Stage IIIA Breast Cancer AJCC v7","Stage IIIB Breast Cancer AJCC v7","Stage IIIC Breast Cancer AJCC v7","Triple-Negative Breast Carcinoma"
NCT02888743,"Microsatellite Stable","Stage IV Colorectal Cancer AJCC v7","Stage IV Non-Small Cell Lung Cancer AJCC v7","Stage IVA Colorectal Cancer AJCC v7","Stage IVB Colorectal Cancer AJCC v7"
NCT02890329,"Acute Myeloid Leukemia","Blasts 5 Percent or More of Bone Marrow Nucleated Cells","Hematopoietic Cell Transplantation Recipient","Myelodysplastic Syndrome","Previously Treated Myelodysplastic Syndrome","Recurrent Acute Myeloid Leukemia With Myelodysplasia-Related Changes","Recurrent Adult Acute Myeloid Leukemia","Refractory Acute Myeloid Leukemia","Secondary Acute Myeloid Leukemia","Untreated Adult Acute Myeloid Leukemia"
NCT02893917,"Castration Levels of Testosterone","Castration-Resistant Prostate Carcinoma","Metastatic Prostate Carcinoma","Prostate Adenocarcinoma With Focal Neuroendocrine Differentiation","Prostate Carcinoma Metastatic in the Bone","Prostate Small Cell Carcinoma","PSA Progression","Stage IV Prostate Adenocarcinoma AJCC v7"
NCT02893930,"Pancreatic Neuroendocrine Tumor G1","Pancreatic Neuroendocrine Tumor G2","Refractory Pancreatic Neuroendocrine Carcinoma"
NCT03115333,"Gliosarcoma","Recurrent Glioblastoma"
NCT02899728,
NCT02898207,"Estrogen Receptor Negative","HER2/Neu Negative","High Grade Fallopian Tube Serous Adenocarcinoma","High Grade Ovarian Serous Adenocarcinoma","Metastatic Malignant Solid Neoplasm","Primary Peritoneal High Grade Serous Adenocarcinoma","Progesterone Receptor Negative","Recurrent Breast Carcinoma","Recurrent Fallopian Tube Carcinoma","Recurrent Ovarian Carcinoma","Recurrent Primary Peritoneal Carcinoma","Triple-Negative Breast Carcinoma","Unresectable Malignant Solid Neoplasm"
NCT03267433,"CD20 Positive","Mantle Cell Lymphoma"
NCT02975882,"Childhood Solid Neoplasm","Recurrent Central Nervous System Neoplasm","Recurrent Malignant Solid Neoplasm","Refractory Central Nervous System Neoplasm","Refractory Malignant Solid Neoplasm"
NCT02912559,"Colon Adenocarcinoma","DNA Repair Disorder","Lynch Syndrome","Stage III Colon Cancer AJCC v7","Stage IIIA Colon Cancer AJCC v7","Stage IIIB Colon Cancer AJCC v7","Stage IIIC Colon Cancer AJCC v7"
NCT02921269,"Cervical Adenocarcinoma","Cervical Adenosquamous Carcinoma","Cervical Squamous Cell Carcinoma, Not Otherwise Specified","Recurrent Cervical Carcinoma","Stage IV Cervical Cancer AJCC v6 and v7","Stage IVA Cervical Cancer AJCC v6 and v7","Stage IVB Cervical Cancer AJCC v6 and v7"
NCT02923778,"FNCLCC Sarcoma Grade 2","FNCLCC Sarcoma Grade 3","Leiomyosarcoma","Liposarcoma","Stage I Soft Tissue Sarcoma AJCC v7","Stage IA Soft Tissue Sarcoma AJCC v7","Stage IB Soft Tissue Sarcoma AJCC v7","Stage II Soft Tissue Sarcoma AJCC v7","Stage IIA Soft Tissue Sarcoma AJCC v7","Stage IIB Soft Tissue Sarcoma AJCC v7","Undifferentiated Pleomorphic Sarcoma"
NCT02981628,"Childhood B Acute Lymphoblastic Leukemia","Recurrent Childhood Acute Lymphoblastic Leukemia","Refractory Childhood Acute Lymphoblastic Leukemia"
NCT02936752,"Blasts 21-30 Percent of Bone Marrow Nucleated Cells","Myelodysplastic Syndrome","Previously Treated Myelodysplastic Syndrome"
NCT02305654,
NCT03007147,"B Acute Lymphoblastic Leukemia","BCR-ABL1 Fusion Protein Expression","Minimal Residual Disease","Philadelphia Chromosome Positive","T Acute Lymphoblastic Leukemia","Untreated Adult Acute Lymphoblastic Leukemia","Untreated Childhood Acute Lymphoblastic Leukemia"
NCT02954874,"Estrogen Receptor Negative","HER2/Neu Negative","Invasive Breast Carcinoma","Progesterone Receptor Negative","Stage 0 Breast Cancer AJCC v6 and v7","Stage I Breast Cancer AJCC v7","Stage IA Breast Cancer AJCC v7","Stage IB Breast Cancer AJCC v7","Stage II Breast Cancer AJCC v6 and v7","Stage IIA Breast Cancer AJCC v6 and v7","Stage IIB Breast Cancer AJCC v6 and v7","Stage III Breast Cancer AJCC v7","Stage IIIA Breast Cancer AJCC v7","Stage IIIB Breast Cancer AJCC v7","Stage IIIC Breast Cancer AJCC v7","Triple-Negative Breast Carcinoma"
NCT03373760,"Recurrent Squamous Cell Lung Carcinoma","Stage IV Squamous Cell Lung Carcinoma AJCC v7"
NCT03180268,"Grade II Meningioma","Intracranial Meningioma"
NCT02965716,"Recurrent Melanoma","Stage III Cutaneous Melanoma AJCC v7","Stage IIIA Cutaneous Melanoma AJCC v7","Stage IIIB Cutaneous Melanoma AJCC v7","Stage IIIC Cutaneous Melanoma AJCC v7","Stage IV Cutaneous Melanoma AJCC v6 and v7"
NCT02971501,"EGFR Activating Mutation","EGFR NP_005219.2:p.T790M","Lung Carcinoma Metastatic in the Brain","Non-Small Cell Lung Carcinoma"
NCT02974621,
NCT03274687,"Prostate Adenocarcinoma","Stage I Prostate Adenocarcinoma","Stage II Prostate Adenocarcinoma","Stage III Prostate Adenocarcinoma"
NCT02978625,"Adenoid Cystic Carcinoma","Adnexal Carcinoma","Apocrine Carcinoma","Eccrine Porocarcinoma","Extraocular Cutaneous Sebaceous Carcinoma","Hidradenocarcinoma","Keratoacanthoma","Malignant Sweat Gland Neoplasm","Merkel Cell Carcinoma","Microcystic Adnexal Carcinoma","NK-Cell Lymphoma, Unclassifiable","Non-Melanomatous Lesion","Paget Disease","Papillary Adenocarcinoma","Primary Cutaneous Mucinous Carcinoma","Refractory Anaplastic Large Cell Lymphoma","Refractory Mature T-Cell and NK-Cell Non-Hodgkin Lymphoma","Refractory Mycosis Fungoides","Refractory Primary Cutaneous T-Cell Non-Hodgkin Lymphoma","Refractory T-Cell Non-Hodgkin Lymphoma","Sezary Syndrome","Signet Ring Cell Carcinoma","Skin Basal Cell Carcinoma","Skin Basosquamous Cell Carcinoma","Skin Squamous Cell Carcinoma","Spiradenocarcinoma","Squamous Cell Carcinoma of Unknown Primary Origin","Stage III Skin Cancer","Stage IV Skin Cancer","Sweat Gland Carcinoma","Trichilemmocarcinoma","Vulvar Squamous Cell Carcinoma"
NCT03188393,"Invasive Breast Carcinoma","Stage II Breast Cancer","Stage IIA Breast Cancer","Stage IIB Breast Cancer","Stage IIIA Breast Cancer"
NCT03300544,"Rectal Adenocarcinoma","Stage III Rectal Cancer AJCC v7","Stage IIIA Rectal Cancer AJCC v7","Stage IIIB Rectal Cancer AJCC v7","Stage IIIC Rectal Cancer AJCC v7","Stage IV Rectal Cancer AJCC v7","Stage IVA Rectal Cancer AJCC v7","Stage IVB Rectal Cancer AJCC v7"
NCT03250299,"Glioblastoma","MGMT-Unmethylated Glioblastoma"
NCT02993146,"Metastatic Malignant Neoplasm","Metastatic Malignant Neoplasm in the Brain"
NCT03150693,
NCT03186898,
NCT03216499,
NCT03269669,"Grade 1 Follicular Lymphoma","Grade 2 Follicular Lymphoma","Grade 3a Follicular Lymphoma","Recurrent Follicular Lymphoma","Refractory Follicular Lymphoma"
NCT03018249,"Grade 1 Endometrial Endometrioid Adenocarcinoma","Grade 2 Endometrial Endometrioid Adenocarcinoma","Grade 3 Endometrial Endometrioid Adenocarcinoma","Uterine Corpus Adenosarcoma"
NCT03033576,"Stage III Cutaneous Melanoma AJCC v7","Stage IIIA Cutaneous Melanoma AJCC v7","Stage IIIB Cutaneous Melanoma AJCC v7","Stage IIIC Cutaneous Melanoma AJCC v7","Stage IV Cutaneous Melanoma AJCC v6 and v7"
NCT03377556,"ATM Gene Mutation","ATR Gene Mutation","BARD1 Gene Mutation","BRCA1 Gene Mutation","BRCA2 Gene Mutation","BRIP1 Gene Mutation","CHEK1 Gene Mutation","CHEK2 Gene Mutation","FANCA Gene Mutation","FANCC Gene Mutation","FANCD2 Gene Mutation","FANCF Gene Mutation","FANCM Gene Mutation","NBN Gene Mutation","PALB2 Gene Mutation","RAD51 Gene Mutation","RAD51B Gene Mutation","RAD54L Gene Mutation","Recurrent Squamous Cell Lung Carcinoma","RPA1 Gene Mutation","Stage IV Squamous Cell Lung Carcinoma AJCC v7"
NCT03067181,"Adult Germ Cell Tumor","Childhood Extracranial Germ Cell Tumor","Childhood Germ Cell Tumor","Extragonadal Embryonal Carcinoma","Grade 2 Immature Ovarian Teratoma","Grade 3 Immature Ovarian Teratoma","Malignant Germ Cell Tumor","Stage I Ovarian Choriocarcinoma","Stage I Ovarian Embryonal Carcinoma","Stage I Ovarian Teratoma","Stage I Ovarian Yolk Sac Tumor","Stage I Testicular Choriocarcinoma AJCC v6 and v7","Stage I Testicular Embryonal Carcinoma AJCC v6 and v7","Stage I Testicular Yolk Sac Tumor AJCC v6 and v7","Stage II Ovarian Choriocarcinoma","Stage II Ovarian Embryonal Carcinoma","Stage II Ovarian Yolk Sac Tumor","Stage II Testicular Choriocarcinoma AJCC v6 and v7","Stage II Testicular Embryonal Carcinoma AJCC v6 and v7","Stage II Testicular Yolk Sac Tumor AJCC v6 and v7","Stage III Ovarian Choriocarcinoma","Stage III Ovarian Embryonal Carcinoma","Stage III Ovarian Yolk Sac Tumor","Stage III Testicular Choriocarcinoma AJCC v6 and v7","Stage III Testicular Embryonal Carcinoma AJCC v6 and v7","Stage III Testicular Yolk Sac Tumor AJCC v6 and v7","Stage IV Ovarian Choriocarcinoma","Stage IV Ovarian Embryonal Carcinoma","Stage IV Ovarian Yolk Sac Tumor","Testicular Mixed Choriocarcinoma and Embryonal Carcinoma","Testicular Mixed Choriocarcinoma and Teratoma","Testicular Mixed Choriocarcinoma and Yolk Sac