NCT ID,CT Web link (scroll down page for eligibility info),"CTRP Web Link (elieigiblity criteria under ""unstructured"")",,,
NCT00392327,https://www.clinicaltrials.gov/ct2/show/record/NCT00392327?term=NCT00392327&rank=1,https://clinicaltrialsapi.cancer.gov/v1/clinical-trials?nct_id=NCT00392327,,,
NCT00632853,https://www.clinicaltrials.gov/ct2/show/record/NCT00632853?term=NCT00632853&rank=1,https://clinicaltrialsapi.cancer.gov/v1/clinical-trials?nct_id=NCT00632853,,,
NCT00719303,https://www.clinicaltrials.gov/ct2/show/record/NCT00719303?term=NCT00719303&rank=1,https://clinicaltrialsapi.cancer.gov/v1/clinical-trials?nct_id=NCT00719303,,,
NCT00492778,https://www.clinicaltrials.gov/ct2/show/record/NCT00492778?term=NCT00492778&rank=1,https://clinicaltrialsapi.cancer.gov/v1/clinical-trials?nct_id=NCT00492778,,,
NCT00001337,https://www.clinicaltrials.gov/ct2/show/record/NCT00001337?term=NCT00001337&rank=1,https://clinicaltrialsapi.cancer.gov/v1/clinical-trials?nct_id=NCT00001337,,,
NCT00576654,https://www.clinicaltrials.gov/ct2/show/record/NCT00576654?term=NCT00576654&rank=1,https://clinicaltrialsapi.cancer.gov/v1/clinical-trials?nct_id=NCT00576654,,,
NCT01012817,https://www.clinicaltrials.gov/ct2/show/record/NCT01012817?term=NCT01012817&rank=1,https://clinicaltrialsapi.cancer.gov/v1/clinical-trials?nct_id=NCT01012817,,,
NCT00956007,https://www.clinicaltrials.gov/ct2/show/record/NCT00956007?term=NCT00956007&rank=1,https://clinicaltrialsapi.cancer.gov/v1/clinical-trials?nct_id=NCT00956007,,,
NCT00887146,https://www.clinicaltrials.gov/ct2/show/record/NCT00887146?term=NCT00887146&rank=1,https://clinicaltrialsapi.cancer.gov/v1/clinical-trials?nct_id=NCT00887146,,,
NCT00983697,https://www.clinicaltrials.gov/ct2/show/record/NCT00983697?term=NCT00983697&rank=1,https://clinicaltrialsapi.cancer.gov/v1/clinical-trials?nct_id=NCT00983697,,,
NCT00980954,https://www.clinicaltrials.gov/ct2/show/record/NCT00980954?term=NCT00980954&rank=1,https://clinicaltrialsapi.cancer.gov/v1/clinical-trials?nct_id=NCT00980954,,,
NCT00981656,https://www.clinicaltrials.gov/ct2/show/record/NCT00981656?term=NCT00981656&rank=1,https://clinicaltrialsapi.cancer.gov/v1/clinical-trials?nct_id=NCT00981656,,,
NCT00980460,https://www.clinicaltrials.gov/ct2/show/record/NCT00980460?term=NCT00980460&rank=1,https://clinicaltrialsapi.cancer.gov/v1/clinical-trials?nct_id=NCT00980460,,,
NCT01013649,https://www.clinicaltrials.gov/ct2/show/record/NCT01013649?term=NCT01013649&rank=1,https://clinicaltrialsapi.cancer.gov/v1/clinical-trials?nct_id=NCT01013649,,,
NCT02085408,https://www.clinicaltrials.gov/ct2/show/record/NCT02085408?term=NCT02085408&rank=1,https://clinicaltrialsapi.cancer.gov/v1/clinical-trials?nct_id=NCT02085408,,,
NCT01042522,https://www.clinicaltrials.gov/ct2/show/record/NCT01042522?term=NCT01042522&rank=1,https://clinicaltrialsapi.cancer.gov/v1/clinical-trials?nct_id=NCT01042522,,,
NCT01096368,https://www.clinicaltrials.gov/ct2/show/record/NCT01096368?term=NCT01096368&rank=1,https://clinicaltrialsapi.cancer.gov/v1/clinical-trials?nct_id=NCT01096368,,,
NCT01118026,https://www.clinicaltrials.gov/ct2/show/record/NCT01118026?term=NCT01118026&rank=1,https://clinicaltrialsapi.cancer.gov/v1/clinical-trials?nct_id=NCT01118026,,,
NCT01101451,https://www.clinicaltrials.gov/ct2/show/record/NCT01101451?term=NCT01101451&rank=1,https://clinicaltrialsapi.cancer.gov/v1/clinical-trials?nct_id=NCT01101451,,,
NCT01141231,https://www.clinicaltrials.gov/ct2/show/record/NCT01141231?term=NCT01141231&rank=1,https://clinicaltrialsapi.cancer.gov/v1/clinical-trials?nct_id=NCT01141231,,,
NCT01366144,https://www.clinicaltrials.gov/ct2/show/record/NCT01366144?term=NCT01366144&rank=1,https://clinicaltrialsapi.cancer.gov/v1/clinical-trials?nct_id=NCT01366144,,,
NCT01051635,https://www.clinicaltrials.gov/ct2/show/record/NCT01051635?term=NCT01051635&rank=1,https://clinicaltrialsapi.cancer.gov/v1/clinical-trials?nct_id=NCT01051635,,,
NCT01222754,https://www.clinicaltrials.gov/ct2/show/record/NCT01222754?term=NCT01222754&rank=1,https://clinicaltrialsapi.cancer.gov/v1/clinical-trials?nct_id=NCT01222754,,,
NCT01386385,https://www.clinicaltrials.gov/ct2/show/record/NCT01386385?term=NCT01386385&rank=1,https://clinicaltrialsapi.cancer.gov/v1/clinical-trials?nct_id=NCT01386385,,,
NCT01381718,https://www.clinicaltrials.gov/ct2/show/record/NCT01381718?term=NCT01381718&rank=1,https://clinicaltrialsapi.cancer.gov/v1/clinical-trials?nct_id=NCT01381718,,,
NCT01190930,https://www.clinicaltrials.gov/ct2/show/record/NCT01190930?term=NCT01190930&rank=1,https://clinicaltrialsapi.cancer.gov/v1/clinical-trials?nct_id=NCT01190930,,,
NCT01231906,https://www.clinicaltrials.gov/ct2/show/record/NCT01231906?term=NCT01231906&rank=1,https://clinicaltrialsapi.cancer.gov/v1/clinical-trials?nct_id=NCT01231906,,,
NCT01272037,https://www.clinicaltrials.gov/ct2/show/record/NCT01272037?term=NCT01272037&rank=1,https://clinicaltrialsapi.cancer.gov/v1/clinical-trials?nct_id=NCT01272037,,,
NCT01275664,https://www.clinicaltrials.gov/ct2/show/record/NCT01275664?term=NCT01275664&rank=1,https://clinicaltrialsapi.cancer.gov/v1/clinical-trials?nct_id=NCT01275664,,,
NCT01359592,https://www.clinicaltrials.gov/ct2/show/record/NCT01359592?term=NCT01359592&rank=1,https://clinicaltrialsapi.cancer.gov/v1/clinical-trials?nct_id=NCT01359592,,,
NCT01368588,https://www.clinicaltrials.gov/ct2/show/record/NCT01368588?term=NCT01368588&rank=1,https://clinicaltrialsapi.cancer.gov/v1/clinical-trials?nct_id=NCT01368588,,,
NCT01434316,https://www.clinicaltrials.gov/ct2/show/record/NCT01434316?term=NCT01434316&rank=1,https://clinicaltrialsapi.cancer.gov/v1/clinical-trials?nct_id=NCT01434316,,,
NCT01406756,https://www.clinicaltrials.gov/ct2/show/record/NCT01406756?term=NCT01406756&rank=1,https://clinicaltrialsapi.cancer.gov/v1/clinical-trials?nct_id=NCT01406756,,,
NCT01497444,https://www.clinicaltrials.gov/ct2/show/record/NCT01497444?term=NCT01497444&rank=1,https://clinicaltrialsapi.cancer.gov/v1/clinical-trials?nct_id=NCT01497444,,,
NCT01503632,https://www.clinicaltrials.gov/ct2/show/record/NCT01503632?term=NCT01503632&rank=1,https://clinicaltrialsapi.cancer.gov/v1/clinical-trials?nct_id=NCT01503632,,,
NCT01503086,https://www.clinicaltrials.gov/ct2/show/record/NCT01503086?term=NCT01503086&rank=1,https://clinicaltrialsapi.cancer.gov/v1/clinical-trials?nct_id=NCT01503086,,,
NCT01515787,https://www.clinicaltrials.gov/ct2/show/record/NCT01515787?term=NCT01515787&rank=1,https://clinicaltrialsapi.cancer.gov/v1/clinical-trials?nct_id=NCT01515787,,,
NCT01333046,https://www.clinicaltrials.gov/ct2/show/record/NCT01333046?term=NCT01333046&rank=1,https://clinicaltrialsapi.cancer.gov/v1/clinical-trials?nct_id=NCT01333046,,,
NCT01556243,https://www.clinicaltrials.gov/ct2/show/record/NCT01556243?term=NCT01556243&rank=1,https://clinicaltrialsapi.cancer.gov/v1/clinical-trials?nct_id=NCT01556243,,,
NCT01573442,https://www.clinicaltrials.gov/ct2/show/record/NCT01573442?term=NCT01573442&rank=1,https://clinicaltrialsapi.cancer.gov/v1/clinical-trials?nct_id=NCT01573442,,,
NCT01587352,https://www.clinicaltrials.gov/ct2/show/record/NCT01587352?term=NCT01587352&rank=1,https://clinicaltrialsapi.cancer.gov/v1/clinical-trials?nct_id=NCT01587352,,,
NCT01585805,https://www.clinicaltrials.gov/ct2/show/record/NCT01585805?term=NCT01585805&rank=1,https://clinicaltrialsapi.cancer.gov/v1/clinical-trials?nct_id=NCT01585805,,,
NCT01638533,https://www.clinicaltrials.gov/ct2/show/record/NCT01638533?term=NCT01638533&rank=1,https://clinicaltrialsapi.cancer.gov/v1/clinical-trials?nct_id=NCT01638533,,,
NCT01775475,https://www.clinicaltrials.gov/ct2/show/record/NCT01775475?term=NCT01775475&rank=1,https://clinicaltrialsapi.cancer.gov/v1/clinical-trials?nct_id=NCT01775475,,,
NCT01695941,https://www.clinicaltrials.gov/ct2/show/record/NCT01695941?term=NCT01695941&rank=1,https://clinicaltrialsapi.cancer.gov/v1/clinical-trials?nct_id=NCT01695941,,,
NCT01595061,https://www.clinicaltrials.gov/ct2/show/record/NCT01595061?term=NCT01595061&rank=1,https://clinicaltrialsapi.cancer.gov/v1/clinical-trials?nct_id=NCT01595061,,,
NCT01602666,https://www.clinicaltrials.gov/ct2/show/record/NCT01602666?term=NCT01602666&rank=1,https://clinicaltrialsapi.cancer.gov/v1/clinical-trials?nct_id=NCT01602666,,,
NCT01622868,https://www.clinicaltrials.gov/ct2/show/record/NCT01622868?term=NCT01622868&rank=1,https://clinicaltrialsapi.cancer.gov/v1/clinical-trials?nct_id=NCT01622868,,,
NCT01649089,https://www.clinicaltrials.gov/ct2/show/record/NCT01649089?term=NCT01649089&rank=1,https://clinicaltrialsapi.cancer.gov/v1/clinical-trials?nct_id=NCT01649089,,,
NCT01674140,https://www.clinicaltrials.gov/ct2/show/record/NCT01674140?term=NCT01674140&rank=1,https://clinicaltrialsapi.cancer.gov/v1/clinical-trials?nct_id=NCT01674140,,,
NCT01668719,https://www.clinicaltrials.gov/ct2/show/record/NCT01668719?term=NCT01668719&rank=1,https://clinicaltrialsapi.cancer.gov/v1/clinical-trials?nct_id=NCT01668719,,,
NCT01711541,https://www.clinicaltrials.gov/ct2/show/record/NCT01711541?term=NCT01711541&rank=1,https://clinicaltrialsapi.cancer.gov/v1/clinical-trials?nct_id=NCT01711541,,,
NCT01711554,https://www.clinicaltrials.gov/ct2/show/record/NCT01711554?term=NCT01711554&rank=1,https://clinicaltrialsapi.cancer.gov/v1/clinical-trials?nct_id=NCT01711554,,,
NCT01781468,https://www.clinicaltrials.gov/ct2/show/record/NCT01781468?term=NCT01781468&rank=1,https://clinicaltrialsapi.cancer.gov/v1/clinical-trials?nct_id=NCT01781468,,,
NCT01805076,https://www.clinicaltrials.gov/ct2/show/record/NCT01805076?term=NCT01805076&rank=1,https://clinicaltrialsapi.cancer.gov/v1/clinical-trials?nct_id=NCT01805076,,,
NCT01730937,https://www.clinicaltrials.gov/ct2/show/record/NCT01730937?term=NCT01730937&rank=1,https://clinicaltrialsapi.cancer.gov/v1/clinical-trials?nct_id=NCT01730937,,,
NCT01349881,https://www.clinicaltrials.gov/ct2/show/record/NCT01349881?term=NCT01349881&rank=1,https://clinicaltrialsapi.cancer.gov/v1/clinical-trials?nct_id=NCT01349881,,,
NCT01789684,https://www.clinicaltrials.gov/ct2/show/record/NCT01789684?term=NCT01789684&rank=1,https://clinicaltrialsapi.cancer.gov/v1/clinical-trials?nct_id=NCT01789684,,,
NCT01863550,https://www.clinicaltrials.gov/ct2/show/record/NCT01863550?term=NCT01863550&rank=1,https://clinicaltrialsapi.cancer.gov/v1/clinical-trials?nct_id=NCT01863550,,,
NCT01749397,https://www.clinicaltrials.gov/ct2/show/record/NCT01749397?term=NCT01749397&rank=1,https://clinicaltrialsapi.cancer.gov/v1/clinical-trials?nct_id=NCT01749397,,,
NCT01806129,https://www.clinicaltrials.gov/ct2/show/record/NCT01806129?term=NCT01806129&rank=1,https://clinicaltrialsapi.cancer.gov/v1/clinical-trials?nct_id=NCT01806129,,,
NCT01586403,https://www.clinicaltrials.gov/ct2/show/record/NCT01586403?term=NCT01586403&rank=1,https://clinicaltrialsapi.cancer.gov/v1/clinical-trials?nct_id=NCT01586403,,,
NCT01755195,https://www.clinicaltrials.gov/ct2/show/record/NCT01755195?term=NCT01755195&rank=1,https://clinicaltrialsapi.cancer.gov/v1/clinical-trials?nct_id=NCT01755195,,,
NCT01767194,https://www.clinicaltrials.gov/ct2/show/record/NCT01767194?term=NCT01767194&rank=1,https://clinicaltrialsapi.cancer.gov/v1/clinical-trials?nct_id=NCT01767194,,,
NCT01089101,https://www.clinicaltrials.gov/ct2/show/record/NCT01089101?term=NCT01089101&rank=1,https://clinicaltrialsapi.cancer.gov/v1/clinical-trials?nct_id=NCT01089101,,,
NCT01872975,https://www.clinicaltrials.gov/ct2/show/record/NCT01872975?term=NCT01872975&rank=1,https://clinicaltrialsapi.cancer.gov/v1/clinical-trials?nct_id=NCT01872975,,,
NCT01771107,https://www.clinicaltrials.gov/ct2/show/record/NCT01771107?term=NCT01771107&rank=1,https://clinicaltrialsapi.cancer.gov/v1/clinical-trials?nct_id=NCT01771107,,,
NCT01220583,https://www.clinicaltrials.gov/ct2/show/record/NCT01220583?term=NCT01220583&rank=1,https://clinicaltrialsapi.cancer.gov/v1/clinical-trials?nct_id=NCT01220583,,,
NCT01824836,https://www.clinicaltrials.gov/ct2/show/record/NCT01824836?term=NCT01824836&rank=1,https://clinicaltrialsapi.cancer.gov/v1/clinical-trials?nct_id=NCT01824836,,,
NCT01810913,https://www.clinicaltrials.gov/ct2/show/record/NCT01810913?term=NCT01810913&rank=1,https://clinicaltrialsapi.cancer.gov/v1/clinical-trials?nct_id=NCT01810913,,,
NCT01817075,https://www.clinicaltrials.gov/ct2/show/record/NCT01817075?term=NCT01817075&rank=1,https://clinicaltrialsapi.cancer.gov/v1/clinical-trials?nct_id=NCT01817075,,,
NCT00978250,https://www.clinicaltrials.gov/ct2/show/record/NCT00978250?term=NCT00978250&rank=1,https://clinicaltrialsapi.cancer.gov/v1/clinical-trials?nct_id=NCT00978250,,,
NCT01822496,https://www.clinicaltrials.gov/ct2/show/record/NCT01822496?term=NCT01822496&rank=1,https://clinicaltrialsapi.cancer.gov/v1/clinical-trials?nct_id=NCT01822496,,,
NCT01822509,https://www.clinicaltrials.gov/ct2/show/record/NCT01822509?term=NCT01822509&rank=1,https://clinicaltrialsapi.cancer.gov/v1/clinical-trials?nct_id=NCT01822509,,,
NCT01822522,https://www.clinicaltrials.gov/ct2/show/record/NCT01822522?term=NCT01822522&rank=1,https://clinicaltrialsapi.cancer.gov/v1/clinical-trials?nct_id=NCT01822522,,,
NCT01244737,https://www.clinicaltrials.gov/ct2/show/record/NCT01244737?term=NCT01244737&rank=1,https://clinicaltrialsapi.cancer.gov/v1/clinical-trials?nct_id=NCT01244737,,,
NCT01841723,https://www.clinicaltrials.gov/ct2/show/record/NCT01841723?term=NCT01841723&rank=1,https://clinicaltrialsapi.cancer.gov/v1/clinical-trials?nct_id=NCT01841723,,,
NCT01849146,https://www.clinicaltrials.gov/ct2/show/record/NCT01849146?term=NCT01849146&rank=1,https://clinicaltrialsapi.cancer.gov/v1/clinical-trials?nct_id=NCT01849146,,,
NCT01901094,https://www.clinicaltrials.gov/ct2/show/record/NCT01901094?term=NCT01901094&rank=1,https://clinicaltrialsapi.cancer.gov/v1/clinical-trials?nct_id=NCT01901094,,,
NCT01851369,https://www.clinicaltrials.gov/ct2/show/record/NCT01851369?term=NCT01851369&rank=1,https://clinicaltrialsapi.cancer.gov/v1/clinical-trials?nct_id=NCT01851369,,,
NCT01935934,https://www.clinicaltrials.gov/ct2/show/record/NCT01935934?term=NCT01935934&rank=1,https://clinicaltrialsapi.cancer.gov/v1/clinical-trials?nct_id=NCT01935934,,,
NCT01881867,https://www.clinicaltrials.gov/ct2/show/record/NCT01881867?term=NCT01881867&rank=1,https://clinicaltrialsapi.cancer.gov/v1/clinical-trials?nct_id=NCT01881867,,,
NCT01534598,https://www.clinicaltrials.gov/ct2/show/record/NCT01534598?term=NCT01534598&rank=1,https://clinicaltrialsapi.cancer.gov/v1/clinical-trials?nct_id=NCT01534598,,,
NCT01897012,https://www.clinicaltrials.gov/ct2/show/record/NCT01897012?term=NCT01897012&rank=1,https://clinicaltrialsapi.cancer.gov/v1/clinical-trials?nct_id=NCT01897012,,,
NCT01896999,https://www.clinicaltrials.gov/ct2/show/record/NCT01896999?term=NCT01896999&rank=1,https://clinicaltrialsapi.cancer.gov/v1/clinical-trials?nct_id=NCT01896999,,,
NCT01902173,https://www.clinicaltrials.gov/ct2/show/record/NCT01902173?term=NCT01902173&rank=1,https://clinicaltrialsapi.cancer.gov/v1/clinical-trials?nct_id=NCT01902173,,,
NCT01953588,https://www.clinicaltrials.gov/ct2/show/record/NCT01953588?term=NCT01953588&rank=1,https://clinicaltrialsapi.cancer.gov/v1/clinical-trials?nct_id=NCT01953588,,,
NCT01912625,https://www.clinicaltrials.gov/ct2/show/record/NCT01912625?term=NCT01912625&rank=1,https://clinicaltrialsapi.cancer.gov/v1/clinical-trials?nct_id=NCT01912625,,,
NCT01925131,https://www.clinicaltrials.gov/ct2/show/record/NCT01925131?term=NCT01925131&rank=1,https://clinicaltrialsapi.cancer.gov/v1/clinical-trials?nct_id=NCT01925131,,,
NCT00942877,https://www.clinicaltrials.gov/ct2/show/record/NCT00942877?term=NCT00942877&rank=1,https://clinicaltrialsapi.cancer.gov/v1/clinical-trials?nct_id=NCT00942877,,,
NCT01273155,https://www.clinicaltrials.gov/ct2/show/record/NCT01273155?term=NCT01273155&rank=1,https://clinicaltrialsapi.cancer.gov/v1/clinical-trials?nct_id=NCT01273155,,,
NCT01273168,https://www.clinicaltrials.gov/ct2/show/record/NCT01273168?term=NCT01273168&rank=1,https://clinicaltrialsapi.cancer.gov/v1/clinical-trials?nct_id=NCT01273168,,,
NCT01362803,https://www.clinicaltrials.gov/ct2/show/record/NCT01362803?term=NCT01362803&rank=1,https://clinicaltrialsapi.cancer.gov/v1/clinical-trials?nct_id=NCT01362803,,,
NCT01391962,https://www.clinicaltrials.gov/ct2/show/record/NCT01391962?term=NCT01391962&rank=1,https://clinicaltrialsapi.cancer.gov/v1/clinical-trials?nct_id=NCT01391962,,,
NCT01572493,https://www.clinicaltrials.gov/ct2/show/record/NCT01572493?term=NCT01572493&rank=1,https://clinicaltrialsapi.cancer.gov/v1/clinical-trials?nct_id=NCT01572493,,,
NCT01748825,https://www.clinicaltrials.gov/ct2/show/record/NCT01748825?term=NCT01748825&rank=1,https://clinicaltrialsapi.cancer.gov/v1/clinical-trials?nct_id=NCT01748825,,,
NCT01827384,https://www.clinicaltrials.gov/ct2/show/record/NCT01827384?term=NCT01827384&rank=1,https://clinicaltrialsapi.cancer.gov/v1/clinical-trials?nct_id=NCT01827384,,,
NCT01922076,https://www.clinicaltrials.gov/ct2/show/record/NCT01922076?term=NCT01922076&rank=1,https://clinicaltrialsapi.cancer.gov/v1/clinical-trials?nct_id=NCT01922076,,,
NCT01964300,https://www.clinicaltrials.gov/ct2/show/record/NCT01964300?term=NCT01964300&rank=1,https://clinicaltrialsapi.cancer.gov/v1/clinical-trials?nct_id=NCT01964300,,,
NCT02004275,https://www.clinicaltrials.gov/ct2/show/record/NCT02004275?term=NCT02004275&rank=1,https://clinicaltrialsapi.cancer.gov/v1/clinical-trials?nct_id=NCT02004275,,,
NCT01940809,https://www.clinicaltrials.gov/ct2/show/record/NCT01940809?term=NCT01940809&rank=1,https://clinicaltrialsapi.cancer.gov/v1/clinical-trials?nct_id=NCT01940809,,,
NCT01947023,https://www.clinicaltrials.gov/ct2/show/record/NCT01947023?term=NCT01947023&rank=1,https://clinicaltrialsapi.cancer.gov/v1/clinical-trials?nct_id=NCT01947023,,,
NCT01988571,https://www.clinicaltrials.gov/ct2/show/record/NCT01988571?term=NCT01988571&rank=1,https://clinicaltrialsapi.cancer.gov/v1/clinical-trials?nct_id=NCT01988571,,,
NCT01993810,https://www.clinicaltrials.gov/ct2/show/record/NCT01993810?term=NCT01993810&rank=1,https://clinicaltrialsapi.cancer.gov/v1/clinical-trials?nct_id=NCT01993810,,,
NCT02054741,https://www.clinicaltrials.gov/ct2/show/record/NCT02054741?term=NCT02054741&rank=1,https://clinicaltrialsapi.cancer.gov/v1/clinical-trials?nct_id=NCT02054741,,,
NCT01946789,https://www.clinicaltrials.gov/ct2/show/record/NCT01946789?term=NCT01946789&rank=1,https://clinicaltrialsapi.cancer.gov/v1/clinical-trials?nct_id=NCT01946789,,,
NCT01989585,https://www.clinicaltrials.gov/ct2/show/record/NCT01989585?term=NCT01989585&rank=1,https://clinicaltrialsapi.cancer.gov/v1/clinical-trials?nct_id=NCT01989585,,,
NCT01979536,https://www.clinicaltrials.gov/ct2/show/record/NCT01979536?term=NCT01979536&rank=1,https://clinicaltrialsapi.cancer.gov/v1/clinical-trials?nct_id=NCT01979536,,,
NCT02003222,https://www.clinicaltrials.gov/ct2/show/record/NCT02003222?term=NCT02003222&rank=1,https://clinicaltrialsapi.cancer.gov/v1/clinical-trials?nct_id=NCT02003222,,,
NCT01896869,https://www.clinicaltrials.gov/ct2/show/record/NCT01896869?term=NCT01896869&rank=1,https://clinicaltrialsapi.cancer.gov/v1/clinical-trials?nct_id=NCT01896869,,,
NCT02065687,https://www.clinicaltrials.gov/ct2/show/record/NCT02065687?term=NCT02065687&rank=1,https://clinicaltrialsapi.cancer.gov/v1/clinical-trials?nct_id=NCT02065687,,,
NCT02059499,https://www.clinicaltrials.gov/ct2/show/record/NCT02059499?term=NCT02059499&rank=1,https://clinicaltrialsapi.cancer.gov/v1/clinical-trials?nct_id=NCT02059499,,,
NCT02029950,https://www.clinicaltrials.gov/ct2/show/record/NCT02029950?term=NCT02029950&rank=1,https://clinicaltrialsapi.cancer.gov/v1/clinical-trials?nct_id=NCT02029950,,,
NCT02015104,https://www.clinicaltrials.gov/ct2/show/record/NCT02015104?term=NCT02015104&rank=1,https://clinicaltrialsapi.cancer.gov/v1/clinical-trials?nct_id=NCT02015104,,,
NCT02070549,https://www.clinicaltrials.gov/ct2/show/record/NCT02070549?term=NCT02070549&rank=1,https://clinicaltrialsapi.cancer.gov/v1/clinical-trials?nct_id=NCT02070549,,,
NCT02079740,https://www.clinicaltrials.gov/ct2/show/record/NCT02079740?term=NCT02079740&rank=1,https://clinicaltrialsapi.cancer.gov/v1/clinical-trials?nct_id=NCT02079740,,,
NCT02095132,https://www.clinicaltrials.gov/ct2/show/record/NCT02095132?term=NCT02095132&rank=1,https://clinicaltrialsapi.cancer.gov/v1/clinical-trials?nct_id=NCT02095132,,,
NCT02097225,https://www.clinicaltrials.gov/ct2/show/record/NCT02097225?term=NCT02097225&rank=1,https://clinicaltrialsapi.cancer.gov/v1/clinical-trials?nct_id=NCT02097225,,,
NCT02152982,https://www.clinicaltrials.gov/ct2/show/record/NCT02152982?term=NCT02152982&rank=1,https://clinicaltrialsapi.cancer.gov/v1/clinical-trials?nct_id=NCT02152982,,,
NCT02101775,https://www.clinicaltrials.gov/ct2/show/record/NCT02101775?term=NCT02101775&rank=1,https://clinicaltrialsapi.cancer.gov/v1/clinical-trials?nct_id=NCT02101775,,,
NCT02143726,https://www.clinicaltrials.gov/ct2/show/record/NCT02143726?term=NCT02143726&rank=1,https://clinicaltrialsapi.cancer.gov/v1/clinical-trials?nct_id=NCT02143726,,,
NCT02154490,https://www.clinicaltrials.gov/ct2/show/record/NCT02154490?term=NCT02154490&rank=1,https://clinicaltrialsapi.cancer.gov/v1/clinical-trials?nct_id=NCT02154490,,,
NCT02101788,https://www.clinicaltrials.gov/ct2/show/record/NCT02101788?term=NCT02101788&rank=1,https://clinicaltrialsapi.cancer.gov/v1/clinical-trials?nct_id=NCT02101788,,,
NCT02101853,https://www.clinicaltrials.gov/ct2/show/record/NCT02101853?term=NCT02101853&rank=1,https://clinicaltrialsapi.cancer.gov/v1/clinical-trials?nct_id=NCT02101853,,,
NCT02101905,https://www.clinicaltrials.gov/ct2/show/record/NCT02101905?term=NCT02101905&rank=1,https://clinicaltrialsapi.cancer.gov/v1/clinical-trials?nct_id=NCT02101905,,,
NCT02135042,https://www.clinicaltrials.gov/ct2/show/record/NCT02135042?term=NCT02135042&rank=1,https://clinicaltrialsapi.cancer.gov/v1/clinical-trials?nct_id=NCT02135042,,,
NCT02135419,https://www.clinicaltrials.gov/ct2/show/record/NCT02135419?term=NCT02135419&rank=1,https://clinicaltrialsapi.cancer.gov/v1/clinical-trials?nct_id=NCT02135419,,,
NCT02255461,https://www.clinicaltrials.gov/ct2/show/record/NCT02255461?term=NCT02255461&rank=1,https://clinicaltrialsapi.cancer.gov/v1/clinical-trials?nct_id=NCT02255461,,,
NCT02101944,https://www.clinicaltrials.gov/ct2/show/record/NCT02101944?term=NCT02101944&rank=1,https://clinicaltrialsapi.cancer.gov/v1/clinical-trials?nct_id=NCT02101944,,,
NCT02032823,https://www.clinicaltrials.gov/ct2/show/record/NCT02032823?term=NCT02032823&rank=1,https://clinicaltrialsapi.cancer.gov/v1/clinical-trials?nct_id=NCT02032823,,,
NCT02176967,https://www.clinicaltrials.gov/ct2/show/record/NCT02176967?term=NCT02176967&rank=1,https://clinicaltrialsapi.cancer.gov/v1/clinical-trials?nct_id=NCT02176967,,,
NCT02152137,https://www.clinicaltrials.gov/ct2/show/record/NCT02152137?term=NCT02152137&rank=1,https://clinicaltrialsapi.cancer.gov/v1/clinical-trials?nct_id=NCT02152137,,,
NCT02379416,https://www.clinicaltrials.gov/ct2/show/record/NCT02379416?term=NCT02379416&rank=1,https://clinicaltrialsapi.cancer.gov/v1/clinical-trials?nct_id=NCT02379416,,,
NCT02206334,https://www.clinicaltrials.gov/ct2/show/record/NCT02206334?term=NCT02206334&rank=1,https://clinicaltrialsapi.cancer.gov/v1/clinical-trials?nct_id=NCT02206334,,,
NCT02112916,https://www.clinicaltrials.gov/ct2/show/record/NCT02112916?term=NCT02112916&rank=1,https://clinicaltrialsapi.cancer.gov/v1/clinical-trials?nct_id=NCT02112916,,,
NCT02115282,https://www.clinicaltrials.gov/ct2/show/record/NCT02115282?term=NCT02115282&rank=1,https://clinicaltrialsapi.cancer.gov/v1/clinical-trials?nct_id=NCT02115282,,,
NCT02116777,https://www.clinicaltrials.gov/ct2/show/record/NCT02116777?term=NCT02116777&rank=1,https://clinicaltrialsapi.cancer.gov/v1/clinical-trials?nct_id=NCT02116777,,,
NCT02211755,https://www.clinicaltrials.gov/ct2/show/record/NCT02211755?term=NCT02211755&rank=1,https://clinicaltrialsapi.cancer.gov/v1/clinical-trials?nct_id=NCT02211755,,,
NCT02200042,https://www.clinicaltrials.gov/ct2/show/record/NCT02200042?term=NCT02200042&rank=1,https://clinicaltrialsapi.cancer.gov/v1/clinical-trials?nct_id=NCT02200042,,,
NCT02177695,https://www.clinicaltrials.gov/ct2/show/record/NCT02177695?term=NCT02177695&rank=1,https://clinicaltrialsapi.cancer.gov/v1/clinical-trials?nct_id=NCT02177695,,,
NCT02190279,https://www.clinicaltrials.gov/ct2/show/record/NCT02190279?term=NCT02190279&rank=1,https://clinicaltrialsapi.cancer.gov/v1/clinical-trials?nct_id=NCT02190279,,,
NCT02133183,https://www.clinicaltrials.gov/ct2/show/record/NCT02133183?term=NCT02133183&rank=1,https://clinicaltrialsapi.cancer.gov/v1/clinical-trials?nct_id=NCT02133183,,,
NCT02249949,https://www.clinicaltrials.gov/ct2/show/record/NCT02249949?term=NCT02249949&rank=1,https://clinicaltrialsapi.cancer.gov/v1/clinical-trials?nct_id=NCT02249949,,,
NCT02143401,https://www.clinicaltrials.gov/ct2/show/record/NCT02143401?term=NCT02143401&rank=1,https://clinicaltrialsapi.cancer.gov/v1/clinical-trials?nct_id=NCT02143401,,,
NCT02143414,https://www.clinicaltrials.gov/ct2/show/record/NCT02143414?term=NCT02143414&rank=1,https://clinicaltrialsapi.cancer.gov/v1/clinical-trials?nct_id=NCT02143414,,,
NCT02179086,https://www.clinicaltrials.gov/ct2/show/record/NCT02179086?term=NCT02179086&rank=1,https://clinicaltrialsapi.cancer.gov/v1/clinical-trials?nct_id=NCT02179086,,,
NCT02152995,https://www.clinicaltrials.gov/ct2/show/record/NCT02152995?term=NCT02152995&rank=1,https://clinicaltrialsapi.cancer.gov/v1/clinical-trials?nct_id=NCT02152995,,,
NCT02159989,https://www.clinicaltrials.gov/ct2/show/record/NCT02159989?term=NCT02159989&rank=1,https://clinicaltrialsapi.cancer.gov/v1/clinical-trials?nct_id=NCT02159989,,,
NCT02142803,https://www.clinicaltrials.gov/ct2/show/record/NCT02142803?term=NCT02142803&rank=1,https://clinicaltrialsapi.cancer.gov/v1/clinical-trials?nct_id=NCT02142803,,,
NCT02304458,https://www.clinicaltrials.gov/ct2/show/record/NCT02304458?term=NCT02304458&rank=1,https://clinicaltrialsapi.cancer.gov/v1/clinical-trials?nct_id=NCT02304458,,,
NCT02166463,https://www.clinicaltrials.gov/ct2/show/record/NCT02166463?term=NCT02166463&rank=1,https://clinicaltrialsapi.cancer.gov/v1/clinical-trials?nct_id=NCT02166463,,,
NCT02180867,https://www.clinicaltrials.gov/ct2/show/record/NCT02180867?term=NCT02180867&rank=1,https://clinicaltrialsapi.cancer.gov/v1/clinical-trials?nct_id=NCT02180867,,,
NCT02196181,https://www.clinicaltrials.gov/ct2/show/record/NCT02196181?term=NCT02196181&rank=1,https://clinicaltrialsapi.cancer.gov/v1/clinical-trials?nct_id=NCT02196181,,,
NCT02270450,https://www.clinicaltrials.gov/ct2/show/record/NCT02270450?term=NCT02270450&rank=1,https://clinicaltrialsapi.cancer.gov/v1/clinical-trials?nct_id=NCT02270450,,,
NCT02201992,https://www.clinicaltrials.gov/ct2/show/record/NCT02201992?term=NCT02201992&rank=1,https://clinicaltrialsapi.cancer.gov/v1/clinical-trials?nct_id=NCT02201992,,,
NCT02193282,https://www.clinicaltrials.gov/ct2/show/record/NCT02193282?term=NCT02193282&rank=1,https://clinicaltrialsapi.cancer.gov/v1/clinical-trials?nct_id=NCT02193282,,,
NCT02375204,https://www.clinicaltrials.gov/ct2/show/record/NCT02375204?term=NCT02375204&rank=1,https://clinicaltrialsapi.cancer.gov/v1/clinical-trials?nct_id=NCT02375204,,,
NCT02224781,https://www.clinicaltrials.gov/ct2/show/record/NCT02224781?term=NCT02224781&rank=1,https://clinicaltrialsapi.cancer.gov/v1/clinical-trials?nct_id=NCT02224781,,,
NCT02203526,https://www.clinicaltrials.gov/ct2/show/record/NCT02203526?term=NCT02203526&rank=1,https://clinicaltrialsapi.cancer.gov/v1/clinical-trials?nct_id=NCT02203526,,,
NCT02364557,https://www.clinicaltrials.gov/ct2/show/record/NCT02364557?term=NCT02364557&rank=1,https://clinicaltrialsapi.cancer.gov/v1/clinical-trials?nct_id=NCT02364557,,,
NCT02445391,https://www.clinicaltrials.gov/ct2/show/record/NCT02445391?term=NCT02445391&rank=1,https://clinicaltrialsapi.cancer.gov/v1/clinical-trials?nct_id=NCT02445391,,,
NCT02243605,https://www.clinicaltrials.gov/ct2/show/record/NCT02243605?term=NCT02243605&rank=1,https://clinicaltrialsapi.cancer.gov/v1/clinical-trials?nct_id=NCT02243605,,,
NCT02298959,https://www.clinicaltrials.gov/ct2/show/record/NCT02298959?term=NCT02298959&rank=1,https://clinicaltrialsapi.cancer.gov/v1/clinical-trials?nct_id=NCT02298959,,,
NCT02575794,https://www.clinicaltrials.gov/ct2/show/record/NCT02575794?term=NCT02575794&rank=1,https://clinicaltrialsapi.cancer.gov/v1/clinical-trials?nct_id=NCT02575794,,,
NCT02437851,https://www.clinicaltrials.gov/ct2/show/record/NCT02437851?term=NCT02437851&rank=1,https://clinicaltrialsapi.cancer.gov/v1/clinical-trials?nct_id=NCT02437851,,,
NCT02275533,https://www.clinicaltrials.gov/ct2/show/record/NCT02275533?term=NCT02275533&rank=1,https://clinicaltrialsapi.cancer.gov/v1/clinical-trials?nct_id=NCT02275533,,,
NCT02281760,https://www.clinicaltrials.gov/ct2/show/record/NCT02281760?term=NCT02281760&rank=1,https://clinicaltrialsapi.cancer.gov/v1/clinical-trials?nct_id=NCT02281760,,,
NCT02339740,https://www.clinicaltrials.gov/ct2/show/record/NCT02339740?term=NCT02339740&rank=1,https://clinicaltrialsapi.cancer.gov/v1/clinical-trials?nct_id=NCT02339740,,,
NCT02412670,https://www.clinicaltrials.gov/ct2/show/record/NCT02412670?term=NCT02412670&rank=1,https://clinicaltrialsapi.cancer.gov/v1/clinical-trials?nct_id=NCT02412670,,,
NCT02496208,https://www.clinicaltrials.gov/ct2/show/record/NCT02496208?term=NCT02496208&rank=1,https://clinicaltrialsapi.cancer.gov/v1/clinical-trials?nct_id=NCT02496208,,,
NCT02306161,https://www.clinicaltrials.gov/ct2/show/record/NCT02306161?term=NCT02306161&rank=1,https://clinicaltrialsapi.cancer.gov/v1/clinical-trials?nct_id=NCT02306161,,,
NCT02428192,https://www.clinicaltrials.gov/ct2/show/record/NCT02428192?term=NCT02428192&rank=1,https://clinicaltrialsapi.cancer.gov/v1/clinical-trials?nct_id=NCT02428192,,,
NCT02438722,https://www.clinicaltrials.gov/ct2/show/record/NCT02438722?term=NCT02438722&rank=1,https://clinicaltrialsapi.cancer.gov/v1/clinical-trials?nct_id=NCT02438722,,,
NCT02323880,https://www.clinicaltrials.gov/ct2/show/record/NCT02323880?term=NCT02323880&rank=1,https://clinicaltrialsapi.cancer.gov/v1/clinical-trials?nct_id=NCT02323880,,,
NCT02063828,https://www.clinicaltrials.gov/ct2/show/record/NCT02063828?term=NCT02063828&rank=1,https://clinicaltrialsapi.cancer.gov/v1/clinical-trials?nct_id=NCT02063828,,,
NCT02498600,https://www.clinicaltrials.gov/ct2/show/record/NCT02498600?term=NCT02498600&rank=1,https://clinicaltrialsapi.cancer.gov/v1/clinical-trials?nct_id=NCT02498600,,,
NCT02317874,https://www.clinicaltrials.gov/ct2/show/record/NCT02317874?term=NCT02317874&rank=1,https://clinicaltrialsapi.cancer.gov/v1/clinical-trials?nct_id=NCT02317874,,,
NCT01885455,https://www.clinicaltrials.gov/ct2/show/record/NCT01885455?term=NCT01885455&rank=1,https://clinicaltrialsapi.cancer.gov/v1/clinical-trials?nct_id=NCT01885455,,,
NCT02337517,https://www.clinicaltrials.gov/ct2/show/record/NCT02337517?term=NCT02337517&rank=1,https://clinicaltrialsapi.cancer.gov/v1/clinical-trials?nct_id=NCT02337517,,,
NCT02339571,https://www.clinicaltrials.gov/ct2/show/record/NCT02339571?term=NCT02339571&rank=1,https://clinicaltrialsapi.cancer.gov/v1/clinical-trials?nct_id=NCT02339571,,,
NCT02360215,https://www.clinicaltrials.gov/ct2/show/record/NCT02360215?term=NCT02360215&rank=1,https://clinicaltrialsapi.cancer.gov/v1/clinical-trials?nct_id=NCT02360215,,,
NCT02799485,https://www.clinicaltrials.gov/ct2/show/record/NCT02799485?term=NCT02799485&rank=1,https://clinicaltrialsapi.cancer.gov/v1/clinical-trials?nct_id=NCT02799485,,,
NCT02465060,https://www.clinicaltrials.gov/ct2/show/record/NCT02465060?term=NCT02465060&rank=1,https://clinicaltrialsapi.cancer.gov/v1/clinical-trials?nct_id=NCT02465060,,,
NCT03047213,https://www.clinicaltrials.gov/ct2/show/record/NCT03047213?term=NCT03047213&rank=1,https://clinicaltrialsapi.cancer.gov/v1/clinical-trials?nct_id=NCT03047213,,,
NCT02535312,https://www.clinicaltrials.gov/ct2/show/record/NCT02535312?term=NCT02535312&rank=1,https://clinicaltrialsapi.cancer.gov/v1/clinical-trials?nct_id=NCT02535312,,,
NCT02488967,https://www.clinicaltrials.gov/ct2/show/record/NCT02488967?term=NCT02488967&rank=1,https://clinicaltrialsapi.cancer.gov/v1/clinical-trials?nct_id=NCT02488967,,,
NCT02359565,https://www.clinicaltrials.gov/ct2/show/record/NCT02359565?term=NCT02359565&rank=1,https://clinicaltrialsapi.cancer.gov/v1/clinical-trials?nct_id=NCT02359565,,,
NCT02363283,https://www.clinicaltrials.gov/ct2/show/record/NCT02363283?term=NCT02363283&rank=1,https://clinicaltrialsapi.cancer.gov/v1/clinical-trials?nct_id=NCT02363283,,,
NCT02381548,https://www.clinicaltrials.gov/ct2/show/record/NCT02381548?term=NCT02381548&rank=1,https://clinicaltrialsapi.cancer.gov/v1/clinical-trials?nct_id=NCT02381548,,,
NCT02381561,https://www.clinicaltrials.gov/ct2/show/record/NCT02381561?term=NCT02381561&rank=1,https://clinicaltrialsapi.cancer.gov/v1/clinical-trials?nct_id=NCT02381561,,,
NCT02500797,https://www.clinicaltrials.gov/ct2/show/record/NCT02500797?term=NCT02500797&rank=1,https://clinicaltrialsapi.cancer.gov/v1/clinical-trials?nct_id=NCT02500797,,,
NCT02516423,https://www.clinicaltrials.gov/ct2/show/record/NCT02516423?term=NCT02516423&rank=1,https://clinicaltrialsapi.cancer.gov/v1/clinical-trials?nct_id=NCT02516423,,,
NCT02521493,https://www.clinicaltrials.gov/ct2/show/record/NCT02521493?term=NCT02521493&rank=1,https://clinicaltrialsapi.cancer.gov/v1/clinical-trials?nct_id=NCT02521493,,,
NCT02392429,https://www.clinicaltrials.gov/ct2/show/record/NCT02392429?term=NCT02392429&rank=1,https://clinicaltrialsapi.cancer.gov/v1/clinical-trials?nct_id=NCT02392429,,,
NCT02659800,https://www.clinicaltrials.gov/ct2/show/record/NCT02659800?term=NCT02659800&rank=1,https://clinicaltrialsapi.cancer.gov/v1/clinical-trials?nct_id=NCT02659800,,,
NCT02398773,https://www.clinicaltrials.gov/ct2/show/record/NCT02398773?term=NCT02398773&rank=1,https://clinicaltrialsapi.cancer.gov/v1/clinical-trials?nct_id=NCT02398773,,,
NCT02407405,https://www.clinicaltrials.gov/ct2/show/record/NCT02407405?term=NCT02407405&rank=1,https://clinicaltrialsapi.cancer.gov/v1/clinical-trials?nct_id=NCT02407405,,,
NCT02408861,https://www.clinicaltrials.gov/ct2/show/record/NCT02408861?term=NCT02408861&rank=1,https://clinicaltrialsapi.cancer.gov/v1/clinical-trials?nct_id=NCT02408861,,,
NCT02588443,https://www.clinicaltrials.gov/ct2/show/record/NCT02588443?term=NCT02588443&rank=1,https://clinicaltrialsapi.cancer.gov/v1/clinical-trials?nct_id=NCT02588443,,,
NCT02470091,https://www.clinicaltrials.gov/ct2/show/record/NCT02470091?term=NCT02470091&rank=1,https://clinicaltrialsapi.cancer.gov/v1/clinical-trials?nct_id=NCT02470091,,,
NCT02417701,https://www.clinicaltrials.gov/ct2/show/record/NCT02417701?term=NCT02417701&rank=1,https://clinicaltrialsapi.cancer.gov/v1/clinical-trials?nct_id=NCT02417701,,,
NCT02523014,https://www.clinicaltrials.gov/ct2/show/record/NCT02523014?term=NCT02523014&rank=1,https://clinicaltrialsapi.cancer.gov/v1/clinical-trials?nct_id=NCT02523014,,,
NCT02595424,https://www.clinicaltrials.gov/ct2/show/record/NCT02595424?term=NCT02595424&rank=1,https://clinicaltrialsapi.cancer.gov/v1/clinical-trials?nct_id=NCT02595424,,,
NCT02446600,https://www.clinicaltrials.gov/ct2/show/record/NCT02446600?term=NCT02446600&rank=1,https://clinicaltrialsapi.cancer.gov/v1/clinical-trials?nct_id=NCT02446600,,,
NCT02502266,https://www.clinicaltrials.gov/ct2/show/record/NCT02502266?term=NCT02502266&rank=1,https://clinicaltrialsapi.cancer.gov/v1/clinical-trials?nct_id=NCT02502266,,,
NCT02443077,https://www.clinicaltrials.gov/ct2/show/record/NCT02443077?term=NCT02443077&rank=1,https://clinicaltrialsapi.cancer.gov/v1/clinical-trials?nct_id=NCT02443077,,,
NCT02423057,https://www.clinicaltrials.gov/ct2/show/record/NCT02423057?term=NCT02423057&rank=1,https://clinicaltrialsapi.cancer.gov/v1/clinical-trials?nct_id=NCT02423057,,,
NCT02453620,https://www.clinicaltrials.gov/ct2/show/record/NCT02453620?term=NCT02453620&rank=1,https://clinicaltrialsapi.cancer.gov/v1/clinical-trials?nct_id=NCT02453620,,,
NCT02564198,https://www.clinicaltrials.gov/ct2/show/record/NCT02564198?term=NCT02564198&rank=1,https://clinicaltrialsapi.cancer.gov/v1/clinical-trials?nct_id=NCT02564198,,,
NCT02466971,https://www.clinicaltrials.gov/ct2/show/record/NCT02466971?term=NCT02466971&rank=1,https://clinicaltrialsapi.cancer.gov/v1/clinical-trials?nct_id=NCT02466971,,,
NCT02474173,https://www.clinicaltrials.gov/ct2/show/record/NCT02474173?term=NCT02474173&rank=1,https://clinicaltrialsapi.cancer.gov/v1/clinical-trials?nct_id=NCT02474173,,,
NCT02484430,https://www.clinicaltrials.gov/ct2/show/record/NCT02484430?term=NCT02484430&rank=1,https://clinicaltrialsapi.cancer.gov/v1/clinical-trials?nct_id=NCT02484430,,,
NCT02484443,https://www.clinicaltrials.gov/ct2/show/record/NCT02484443?term=NCT02484443&rank=1,https://clinicaltrialsapi.cancer.gov/v1/clinical-trials?nct_id=NCT02484443,,,
NCT02496663,https://www.clinicaltrials.gov/ct2/show/record/NCT02496663?term=NCT02496663&rank=1,https://clinicaltrialsapi.cancer.gov/v1/clinical-trials?nct_id=NCT02496663,,,
NCT02498613,https://www.clinicaltrials.gov/ct2/show/record/NCT02498613?term=NCT02498613&rank=1,https://clinicaltrialsapi.cancer.gov/v1/clinical-trials?nct_id=NCT02498613,,,
NCT02503709,https://www.clinicaltrials.gov/ct2/show/record/NCT02503709?term=NCT02503709&rank=1,https://clinicaltrialsapi.cancer.gov/v1/clinical-trials?nct_id=NCT02503709,,,
NCT02503722,https://www.clinicaltrials.gov/ct2/show/record/NCT02503722?term=NCT02503722&rank=1,https://clinicaltrialsapi.cancer.gov/v1/clinical-trials?nct_id=NCT02503722,,,
NCT02613364,https://www.clinicaltrials.gov/ct2/show/record/NCT02613364?term=NCT02613364&rank=1,https://clinicaltrialsapi.cancer.gov/v1/clinical-trials?nct_id=NCT02613364,,,
NCT02308085,https://www.clinicaltrials.gov/ct2/show/record/NCT02308085?term=NCT02308085&rank=1,https://clinicaltrialsapi.cancer.gov/v1/clinical-trials?nct_id=NCT02308085,,,
NCT02562716,https://www.clinicaltrials.gov/ct2/show/record/NCT02562716?term=NCT02562716&rank=1,https://clinicaltrialsapi.cancer.gov/v1/clinical-trials?nct_id=NCT02562716,,,
NCT02520778,https://www.clinicaltrials.gov/ct2/show/record/NCT02520778?term=NCT02520778&rank=1,https://clinicaltrialsapi.cancer.gov/v1/clinical-trials?nct_id=NCT02520778,,,
NCT02520791,https://www.clinicaltrials.gov/ct2/show/record/NCT02520791?term=NCT02520791&rank=1,https://clinicaltrialsapi.cancer.gov/v1/clinical-trials?nct_id=NCT02520791,,,
NCT02490878,https://www.clinicaltrials.gov/ct2/show/record/NCT02490878?term=NCT02490878&rank=1,https://clinicaltrialsapi.cancer.gov/v1/clinical-trials?nct_id=NCT02490878,,,
NCT02535325,https://www.clinicaltrials.gov/ct2/show/record/NCT02535325?term=NCT02535325&rank=1,https://clinicaltrialsapi.cancer.gov/v1/clinical-trials?nct_id=NCT02535325,,,
NCT02535338,https://www.clinicaltrials.gov/ct2/show/record/NCT02535338?term=NCT02535338&rank=1,https://clinicaltrialsapi.cancer.gov/v1/clinical-trials?nct_id=NCT02535338,,,
NCT02635009,https://www.clinicaltrials.gov/ct2/show/record/NCT02635009?term=NCT02635009&rank=1,https://clinicaltrialsapi.cancer.gov/v1/clinical-trials?nct_id=NCT02635009,,,
NCT02568553,https://www.clinicaltrials.gov/ct2/show/record/NCT02568553?term=NCT02568553&rank=1,https://clinicaltrialsapi.cancer.gov/v1/clinical-trials?nct_id=NCT02568553,,,
NCT02567409,https://www.clinicaltrials.gov/ct2/show/record/NCT02567409?term=NCT02567409&rank=1,https://clinicaltrialsapi.cancer.gov/v1/clinical-trials?nct_id=NCT02567409,,,
NCT02567422,https://www.clinicaltrials.gov/ct2/show/record/NCT02567422?term=NCT02567422&rank=1,https://clinicaltrialsapi.cancer.gov/v1/clinical-trials?nct_id=NCT02567422,,,
NCT02567435,https://www.clinicaltrials.gov/ct2/show/record/NCT02567435?term=NCT02567435&rank=1,https://clinicaltrialsapi.cancer.gov/v1/clinical-trials?nct_id=NCT02567435,,,
NCT02572453,https://www.clinicaltrials.gov/ct2/show/record/NCT02572453?term=NCT02572453&rank=1,https://clinicaltrialsapi.cancer.gov/v1/clinical-trials?nct_id=NCT02572453,,,
NCT02749903,https://www.clinicaltrials.gov/ct2/show/record/NCT02749903?term=NCT02749903&rank=1,https://clinicaltrialsapi.cancer.gov/v1/clinical-trials?nct_id=NCT02749903,,,
NCT02761057,https://www.clinicaltrials.gov/ct2/show/record/NCT02761057?term=NCT02761057&rank=1,https://clinicaltrialsapi.cancer.gov/v1/clinical-trials?nct_id=NCT02761057,,,
NCT02581930,https://www.clinicaltrials.gov/ct2/show/record/NCT02581930?term=NCT02581930&rank=1,https://clinicaltrialsapi.cancer.gov/v1/clinical-trials?nct_id=NCT02581930,,,
NCT02797470,https://www.clinicaltrials.gov/ct2/show/record/NCT02797470?term=NCT02797470&rank=1,https://clinicaltrialsapi.cancer.gov/v1/clinical-trials?nct_id=NCT02797470,,,
NCT02589522,https://www.clinicaltrials.gov/ct2/show/record/NCT02589522?term=NCT02589522&rank=1,https://clinicaltrialsapi.cancer.gov/v1/clinical-trials?nct_id=NCT02589522,,,
NCT02595866,https://www.clinicaltrials.gov/ct2/show/record/NCT02595866?term=NCT02595866&rank=1,https://clinicaltrialsapi.cancer.gov/v1/clinical-trials?nct_id=NCT02595866,,,
NCT02595879,https://www.clinicaltrials.gov/ct2/show/record/NCT02595879?term=NCT02595879&rank=1,https://clinicaltrialsapi.cancer.gov/v1/clinical-trials?nct_id=NCT02595879,,,
NCT02595892,https://www.clinicaltrials.gov/ct2/show/record/NCT02595892?term=NCT02595892&rank=1,https://clinicaltrialsapi.cancer.gov/v1/clinical-trials?nct_id=NCT02595892,,,
NCT02734537,https://www.clinicaltrials.gov/ct2/show/record/NCT02734537?term=NCT02734537&rank=1,https://clinicaltrialsapi.cancer.gov/v1/clinical-trials?nct_id=NCT02734537,,,
NCT02595905,https://www.clinicaltrials.gov/ct2/show/record/NCT02595905?term=NCT02595905&rank=1,https://clinicaltrialsapi.cancer.gov/v1/clinical-trials?nct_id=NCT02595905,,,
NCT02595918,https://www.clinicaltrials.gov/ct2/show/record/NCT02595918?term=NCT02595918&rank=1,https://clinicaltrialsapi.cancer.gov/v1/clinical-trials?nct_id=NCT02595918,,,
NCT02595931,https://www.clinicaltrials.gov/ct2/show/record/NCT02595931?term=NCT02595931&rank=1,https://clinicaltrialsapi.cancer.gov/v1/clinical-trials?nct_id=NCT02595931,,,
NCT02595944,https://www.clinicaltrials.gov/ct2/show/record/NCT02595944?term=NCT02595944&rank=1,https://clinicaltrialsapi.cancer.gov/v1/clinical-trials?nct_id=NCT02595944,,,
NCT02642965,https://www.clinicaltrials.gov/ct2/show/record/NCT02642965?term=NCT02642965&rank=1,https://clinicaltrialsapi.cancer.gov/v1/clinical-trials?nct_id=NCT02642965,,,
NCT02750826,https://www.clinicaltrials.gov/ct2/show/record/NCT02750826?term=NCT02750826&rank=1,https://clinicaltrialsapi.cancer.gov/v1/clinical-trials?nct_id=NCT02750826,,,
NCT02717455,https://www.clinicaltrials.gov/ct2/show/record/NCT02717455?term=NCT02717455&rank=1,https://clinicaltrialsapi.cancer.gov/v1/clinical-trials?nct_id=NCT02717455,,,
NCT02601209,https://www.clinicaltrials.gov/ct2/show/record/NCT02601209?term=NCT02601209&rank=1,https://clinicaltrialsapi.cancer.gov/v1/clinical-trials?nct_id=NCT02601209,,,
NCT02627443,https://www.clinicaltrials.gov/ct2/show/record/NCT02627443?term=NCT02627443&rank=1,https://clinicaltrialsapi.cancer.gov/v1/clinical-trials?nct_id=NCT02627443,,,
NCT02631733,https://www.clinicaltrials.gov/ct2/show/record/NCT02631733?term=NCT02631733&rank=1,https://clinicaltrialsapi.cancer.gov/v1/clinical-trials?nct_id=NCT02631733,,,
NCT02631746,https://www.clinicaltrials.gov/ct2/show/record/NCT02631746?term=NCT02631746&rank=1,https://clinicaltrialsapi.cancer.gov/v1/clinical-trials?nct_id=NCT02631746,,,
NCT02890355,https://www.clinicaltrials.gov/ct2/show/record/NCT02890355?term=NCT02890355&rank=1,https://clinicaltrialsapi.cancer.gov/v1/clinical-trials?nct_id=NCT02890355,,,
NCT02642042,https://www.clinicaltrials.gov/ct2/show/record/NCT02642042?term=NCT02642042&rank=1,https://clinicaltrialsapi.cancer.gov/v1/clinical-trials?nct_id=NCT02642042,,,
NCT02823652,https://www.clinicaltrials.gov/ct2/show/record/NCT02823652?term=NCT02823652&rank=1,https://clinicaltrialsapi.cancer.gov/v1/clinical-trials?nct_id=NCT02823652,,,
NCT02785952,https://www.clinicaltrials.gov/ct2/show/record/NCT02785952?term=NCT02785952&rank=1,https://clinicaltrialsapi.cancer.gov/v1/clinical-trials?nct_id=NCT02785952,,,
NCT03077451,https://www.clinicaltrials.gov/ct2/show/record/NCT03077451?term=NCT03077451&rank=1,https://clinicaltrialsapi.cancer.gov/v1/clinical-trials?nct_id=NCT03077451,,,
NCT02724579,https://www.clinicaltrials.gov/ct2/show/record/NCT02724579?term=NCT02724579&rank=1,https://clinicaltrialsapi.cancer.gov/v1/clinical-trials?nct_id=NCT02724579,,,
NCT02689453,https://www.clinicaltrials.gov/ct2/show/record/NCT02689453?term=NCT02689453&rank=1,https://clinicaltrialsapi.cancer.gov/v1/clinical-trials?nct_id=NCT02689453,,,
NCT02713386,https://www.clinicaltrials.gov/ct2/show/record/NCT02713386?term=NCT02713386&rank=1,https://clinicaltrialsapi.cancer.gov/v1/clinical-trials?nct_id=NCT02713386,,,
NCT02921256,https://www.clinicaltrials.gov/ct2/show/record/NCT02921256?term=NCT02921256&rank=1,https://clinicaltrialsapi.cancer.gov/v1/clinical-trials?nct_id=NCT02921256,,,
NCT02717507,https://www.clinicaltrials.gov/ct2/show/record/NCT02717507?term=NCT02717507&rank=1,https://clinicaltrialsapi.cancer.gov/v1/clinical-trials?nct_id=NCT02717507,,,
NCT02927249,https://www.clinicaltrials.gov/ct2/show/record/NCT02927249?term=NCT02927249&rank=1,https://clinicaltrialsapi.cancer.gov/v1/clinical-trials?nct_id=NCT02927249,,,
NCT02933489,https://www.clinicaltrials.gov/ct2/show/record/NCT02933489?term=NCT02933489&rank=1,https://clinicaltrialsapi.cancer.gov/v1/clinical-trials?nct_id=NCT02933489,,,
NCT02728596,https://www.clinicaltrials.gov/ct2/show/record/NCT02728596?term=NCT02728596&rank=1,https://clinicaltrialsapi.cancer.gov/v1/clinical-trials?nct_id=NCT02728596,,,
NCT02728258,https://www.clinicaltrials.gov/ct2/show/record/NCT02728258?term=NCT02728258&rank=1,https://clinicaltrialsapi.cancer.gov/v1/clinical-trials?nct_id=NCT02728258,,,
NCT03055013,https://www.clinicaltrials.gov/ct2/show/record/NCT03055013?term=NCT03055013&rank=1,https://clinicaltrialsapi.cancer.gov/v1/clinical-trials?nct_id=NCT03055013,,,
NCT02723864,https://www.clinicaltrials.gov/ct2/show/record/NCT02723864?term=NCT02723864&rank=1,https://clinicaltrialsapi.cancer.gov/v1/clinical-trials?nct_id=NCT02723864,,,
NCT03091660,https://www.clinicaltrials.gov/ct2/show/record/NCT03091660?term=NCT03091660&rank=1,https://clinicaltrialsapi.cancer.gov/v1/clinical-trials?nct_id=NCT03091660,,,
NCT02839343,https://www.clinicaltrials.gov/ct2/show/record/NCT02839343?term=NCT02839343&rank=1,https://clinicaltrialsapi.cancer.gov/v1/clinical-trials?nct_id=NCT02839343,,,
NCT02808650,https://www.clinicaltrials.gov/ct2/show/record/NCT02808650?term=NCT02808650&rank=1,https://clinicaltrialsapi.cancer.gov/v1/clinical-trials?nct_id=NCT02808650,,,
NCT02775851,https://www.clinicaltrials.gov/ct2/show/record/NCT02775851?term=NCT02775851&rank=1,https://clinicaltrialsapi.cancer.gov/v1/clinical-trials?nct_id=NCT02775851,,,
NCT02775812,https://www.clinicaltrials.gov/ct2/show/record/NCT02775812?term=NCT02775812&rank=1,https://clinicaltrialsapi.cancer.gov/v1/clinical-trials?nct_id=NCT02775812,,,
NCT02780804,https://www.clinicaltrials.gov/ct2/show/record/NCT02780804?term=NCT02780804&rank=1,https://clinicaltrialsapi.cancer.gov/v1/clinical-trials?nct_id=NCT02780804,,,
NCT03030417,https://www.clinicaltrials.gov/ct2/show/record/NCT03030417?term=NCT03030417&rank=1,https://clinicaltrialsapi.cancer.gov/v1/clinical-trials?nct_id=NCT03030417,,,
NCT03165721,https://www.clinicaltrials.gov/ct2/show/record/NCT03165721?term=NCT03165721&rank=1,https://clinicaltrialsapi.cancer.gov/v1/clinical-trials?nct_id=NCT03165721,,,
NCT03137771,https://www.clinicaltrials.gov/ct2/show/record/NCT03137771?term=NCT03137771&rank=1,https://clinicaltrialsapi.cancer.gov/v1/clinical-trials?nct_id=NCT03137771,,,
NCT03033992,https://www.clinicaltrials.gov/ct2/show/record/NCT03033992?term=NCT03033992&rank=1,https://clinicaltrialsapi.cancer.gov/v1/clinical-trials?nct_id=NCT03033992,,,
NCT03041701,https://www.clinicaltrials.gov/ct2/show/record/NCT03041701?term=NCT03041701&rank=1,https://clinicaltrialsapi.cancer.gov/v1/clinical-trials?nct_id=NCT03041701,,,
NCT03070886,https://www.clinicaltrials.gov/ct2/show/record/NCT03070886?term=NCT03070886&rank=1,https://clinicaltrialsapi.cancer.gov/v1/clinical-trials?nct_id=NCT03070886,,,
NCT02828358,https://www.clinicaltrials.gov/ct2/show/record/NCT02828358?term=NCT02828358&rank=1,https://clinicaltrialsapi.cancer.gov/v1/clinical-trials?nct_id=NCT02828358,,,
NCT03141684,https://www.clinicaltrials.gov/ct2/show/record/NCT03141684?term=NCT03141684&rank=1,https://clinicaltrialsapi.cancer.gov/v1/clinical-trials?nct_id=NCT03141684,,,
NCT02834013,https://www.clinicaltrials.gov/ct2/show/record/NCT02834013?term=NCT02834013&rank=1,https://clinicaltrialsapi.cancer.gov/v1/clinical-trials?nct_id=NCT02834013,,,
NCT02839707,https://www.clinicaltrials.gov/ct2/show/record/NCT02839707?term=NCT02839707&rank=1,https://clinicaltrialsapi.cancer.gov/v1/clinical-trials?nct_id=NCT02839707,,,
NCT02839720,https://www.clinicaltrials.gov/ct2/show/record/NCT02839720?term=NCT02839720&rank=1,https://clinicaltrialsapi.cancer.gov/v1/clinical-trials?nct_id=NCT02839720,,,
NCT03109301,https://www.clinicaltrials.gov/ct2/show/record/NCT03109301?term=NCT03109301&rank=1,https://clinicaltrialsapi.cancer.gov/v1/clinical-trials?nct_id=NCT03109301,,,
NCT02844816,https://www.clinicaltrials.gov/ct2/show/record/NCT02844816?term=NCT02844816&rank=1,https://clinicaltrialsapi.cancer.gov/v1/clinical-trials?nct_id=NCT02844816,,,
NCT02887521,https://www.clinicaltrials.gov/ct2/show/record/NCT02887521?term=NCT02887521&rank=1,https://clinicaltrialsapi.cancer.gov/v1/clinical-trials?nct_id=NCT02887521,,,
NCT02900976,https://www.clinicaltrials.gov/ct2/show/record/NCT02900976?term=NCT02900976&rank=1,https://clinicaltrialsapi.cancer.gov/v1/clinical-trials?nct_id=NCT02900976,,,
NCT02849496,https://www.clinicaltrials.gov/ct2/show/record/NCT02849496?term=NCT02849496&rank=1,https://clinicaltrialsapi.cancer.gov/v1/clinical-trials?nct_id=NCT02849496,,,
NCT02862275,https://www.clinicaltrials.gov/ct2/show/record/NCT02862275?term=NCT02862275&rank=1,https://clinicaltrialsapi.cancer.gov/v1/clinical-trials?nct_id=NCT02862275,,,
NCT02867592,https://www.clinicaltrials.gov/ct2/show/record/NCT02867592?term=NCT02867592&rank=1,https://clinicaltrialsapi.cancer.gov/v1/clinical-trials?nct_id=NCT02867592,,,
NCT02879695,https://www.clinicaltrials.gov/ct2/show/record/NCT02879695?term=NCT02879695&rank=1,https://clinicaltrialsapi.cancer.gov/v1/clinical-trials?nct_id=NCT02879695,,,
NCT02883062,https://www.clinicaltrials.gov/ct2/show/record/NCT02883062?term=NCT02883062&rank=1,https://clinicaltrialsapi.cancer.gov/v1/clinical-trials?nct_id=NCT02883062,,,
NCT02888743,https://www.clinicaltrials.gov/ct2/show/record/NCT02888743?term=NCT02888743&rank=1,https://clinicaltrialsapi.cancer.gov/v1/clinical-trials?nct_id=NCT02888743,,,
NCT02890329,https://www.clinicaltrials.gov/ct2/show/record/NCT02890329?term=NCT02890329&rank=1,https://clinicaltrialsapi.cancer.gov/v1/clinical-trials?nct_id=NCT02890329,,,
NCT02893917,https://www.clinicaltrials.gov/ct2/show/record/NCT02893917?term=NCT02893917&rank=1,https://clinicaltrialsapi.cancer.gov/v1/clinical-trials?nct_id=NCT02893917,,,
NCT02893930,https://www.clinicaltrials.gov/ct2/show/record/NCT02893930?term=NCT02893930&rank=1,https://clinicaltrialsapi.cancer.gov/v1/clinical-trials?nct_id=NCT02893930,,,
NCT03115333,https://www.clinicaltrials.gov/ct2/show/record/NCT03115333?term=NCT03115333&rank=1,https://clinicaltrialsapi.cancer.gov/v1/clinical-trials?nct_id=NCT03115333,,,
NCT02899728,https://www.clinicaltrials.gov/ct2/show/record/NCT02899728?term=NCT02899728&rank=1,https://clinicaltrialsapi.cancer.gov/v1/clinical-trials?nct_id=NCT02899728,,,
NCT02898207,https://www.clinicaltrials.gov/ct2/show/record/NCT02898207?term=NCT02898207&rank=1,https://clinicaltrialsapi.cancer.gov/v1/clinical-trials?nct_id=NCT02898207,,,
NCT03267433,https://www.clinicaltrials.gov/ct2/show/record/NCT03267433?term=NCT03267433&rank=1,https://clinicaltrialsapi.cancer.gov/v1/clinical-trials?nct_id=NCT03267433,,,
NCT02975882,https://www.clinicaltrials.gov/ct2/show/record/NCT02975882?term=NCT02975882&rank=1,https://clinicaltrialsapi.cancer.gov/v1/clinical-trials?nct_id=NCT02975882,,,
NCT02912559,https://www.clinicaltrials.gov/ct2/show/record/NCT02912559?term=NCT02912559&rank=1,https://clinicaltrialsapi.cancer.gov/v1/clinical-trials?nct_id=NCT02912559,,,
NCT02921269,https://www.clinicaltrials.gov/ct2/show/record/NCT02921269?term=NCT02921269&rank=1,https://clinicaltrialsapi.cancer.gov/v1/clinical-trials?nct_id=NCT02921269,,,
NCT02923778,https://www.clinicaltrials.gov/ct2/show/record/NCT02923778?term=NCT02923778&rank=1,https://clinicaltrialsapi.cancer.gov/v1/clinical-trials?nct_id=NCT02923778,,,
NCT02981628,https://www.clinicaltrials.gov/ct2/show/record/NCT02981628?term=NCT02981628&rank=1,https://clinicaltrialsapi.cancer.gov/v1/clinical-trials?nct_id=NCT02981628,,,
NCT02936752,https://www.clinicaltrials.gov/ct2/show/record/NCT02936752?term=NCT02936752&rank=1,https://clinicaltrialsapi.cancer.gov/v1/clinical-trials?nct_id=NCT02936752,,,
NCT02305654,https://www.clinicaltrials.gov/ct2/show/record/NCT02305654?term=NCT02305654&rank=1,https://clinicaltrialsapi.cancer.gov/v1/clinical-trials?nct_id=NCT02305654,,,
NCT03007147,https://www.clinicaltrials.gov/ct2/show/record/NCT03007147?term=NCT03007147&rank=1,https://clinicaltrialsapi.cancer.gov/v1/clinical-trials?nct_id=NCT03007147,,,
NCT02954874,https://www.clinicaltrials.gov/ct2/show/record/NCT02954874?term=NCT02954874&rank=1,https://clinicaltrialsapi.cancer.gov/v1/clinical-trials?nct_id=NCT02954874,,,
NCT03373760,https://www.clinicaltrials.gov/ct2/show/record/NCT03373760?term=NCT03373760&rank=1,https://clinicaltrialsapi.cancer.gov/v1/clinical-trials?nct_id=NCT03373760,,,
NCT03180268,https://www.clinicaltrials.gov/ct2/show/record/NCT03180268?term=NCT03180268&rank=1,https://clinicaltrialsapi.cancer.gov/v1/clinical-trials?nct_id=NCT03180268,,,
NCT02965716,https://www.clinicaltrials.gov/ct2/show/record/NCT02965716?term=NCT02965716&rank=1,https://clinicaltrialsapi.cancer.gov/v1/clinical-trials?nct_id=NCT02965716,,,
NCT02971501,https://www.clinicaltrials.gov/ct2/show/record/NCT02971501?term=NCT02971501&rank=1,https://clinicaltrialsapi.cancer.gov/v1/clinical-trials?nct_id=NCT02971501,,,
NCT02974621,https://www.clinicaltrials.gov/ct2/show/record/NCT02974621?term=NCT02974621&rank=1,https://clinicaltrialsapi.cancer.gov/v1/clinical-trials?nct_id=NCT02974621,,,
NCT03274687,https://www.clinicaltrials.gov/ct2/show/record/NCT03274687?term=NCT03274687&rank=1,https://clinicaltrialsapi.cancer.gov/v1/clinical-trials?nct_id=NCT03274687,,,
NCT02978625,https://www.clinicaltrials.gov/ct2/show/record/NCT02978625?term=NCT02978625&rank=1,https://clinicaltrialsapi.cancer.gov/v1/clinical-trials?nct_id=NCT02978625,,,
NCT03188393,https://www.clinicaltrials.gov/ct2/show/record/NCT03188393?term=NCT03188393&rank=1,https://clinicaltrialsapi.cancer.gov/v1/clinical-trials?nct_id=NCT03188393,,,
NCT03300544,https://www.clinicaltrials.gov/ct2/show/record/NCT03300544?term=NCT03300544&rank=1,https://clinicaltrialsapi.cancer.gov/v1/clinical-trials?nct_id=NCT03300544,,,
NCT03250299,https://www.clinicaltrials.gov/ct2/show/record/NCT03250299?term=NCT03250299&rank=1,https://clinicaltrialsapi.cancer.gov/v1/clinical-trials?nct_id=NCT03250299,,,
NCT02993146,https://www.clinicaltrials.gov/ct2/show/record/NCT02993146?term=NCT02993146&rank=1,https://clinicaltrialsapi.cancer.gov/v1/clinical-trials?nct_id=NCT02993146,,,
NCT03150693,https://www.clinicaltrials.gov/ct2/show/record/NCT03150693?term=NCT03150693&rank=1,https://clinicaltrialsapi.cancer.gov/v1/clinical-trials?nct_id=NCT03150693,,,
NCT03186898,https://www.clinicaltrials.gov/ct2/show/record/NCT03186898?term=NCT03186898&rank=1,https://clinicaltrialsapi.cancer.gov/v1/clinical-trials?nct_id=NCT03186898,,,
NCT03216499,https://www.clinicaltrials.gov/ct2/show/record/NCT03216499?term=NCT03216499&rank=1,https://clinicaltrialsapi.cancer.gov/v1/clinical-trials?nct_id=NCT03216499,,,
NCT03269669,https://www.clinicaltrials.gov/ct2/show/record/NCT03269669?term=NCT03269669&rank=1,https://clinicaltrialsapi.cancer.gov/v1/clinical-trials?nct_id=NCT03269669,,,
NCT03018249,https://www.clinicaltrials.gov/ct2/show/record/NCT03018249?term=NCT03018249&rank=1,https://clinicaltrialsapi.cancer.gov/v1/clinical-trials?nct_id=NCT03018249,,,
NCT03033576,https://www.clinicaltrials.gov/ct2/show/record/NCT03033576?term=NCT03033576&rank=1,https://clinicaltrialsapi.cancer.gov/v1/clinical-trials?nct_id=NCT03033576,,,
NCT03377556,https://www.clinicaltrials.gov/ct2/show/record/NCT03377556?term=NCT03377556&rank=1,https://clinicaltrialsapi.cancer.gov/v1/clinical-trials?nct_id=NCT03377556,,,
NCT03067181,https://www.clinicaltrials.gov/ct2/show/record/NCT03067181?term=NCT03067181&rank=1,https://clinicaltrialsapi.cancer.gov/v1/clinical-trials?nct_id=NCT03067181,,,
NCT03180502,https://www.clinicaltrials.gov/ct2/show/record/NCT03180502?term=NCT03180502&rank=1,https://clinicaltrialsapi.cancer.gov/v1/clinical-trials?nct_id=NCT03180502,,,
NCT03148275,https://www.clinicaltrials.gov/ct2/show/record/NCT03148275?term=NCT03148275&rank=1,https://clinicaltrialsapi.cancer.gov/v1/clinical-trials?nct_id=NCT03148275,,,
NCT03233204,https://www.clinicaltrials.gov/ct2/show/record/NCT03233204?term=NCT03233204&rank=1,https://clinicaltrialsapi.cancer.gov/v1/clinical-trials?nct_id=NCT03233204,,,
NCT03206047,https://www.clinicaltrials.gov/ct2/show/record/NCT03206047?term=NCT03206047&rank=1,https://clinicaltrialsapi.cancer.gov/v1/clinical-trials?nct_id=NCT03206047,,,
NCT03233191,https://www.clinicaltrials.gov/ct2/show/record/NCT03233191?term=NCT03233191&rank=1,https://clinicaltrialsapi.cancer.gov/v1/clinical-trials?nct_id=NCT03233191,,,
NCT03213652,https://www.clinicaltrials.gov/ct2/show/record/NCT03213652?term=NCT03213652&rank=1,https://clinicaltrialsapi.cancer.gov/v1/clinical-trials?nct_id=NCT03213652,,,
NCT03220035,https://www.clinicaltrials.gov/ct2/show/record/NCT03220035?term=NCT03220035&rank=1,https://clinicaltrialsapi.cancer.gov/v1/clinical-trials?nct_id=NCT03220035,,,
NCT03213665,https://www.clinicaltrials.gov/ct2/show/record/NCT03213665?term=NCT03213665&rank=1,https://clinicaltrialsapi.cancer.gov/v1/clinical-trials?nct_id=NCT03213665,,,
NCT03213678,https://www.clinicaltrials.gov/ct2/show/record/NCT03213678?term=NCT03213678&rank=1,https://clinicaltrialsapi.cancer.gov/v1/clinical-trials?nct_id=NCT03213678,,,
NCT03213691,https://www.clinicaltrials.gov/ct2/show/record/NCT03213691?term=NCT03213691&rank=1,https://clinicaltrialsapi.cancer.gov/v1/clinical-trials?nct_id=NCT03213691,,,
NCT03155620,https://www.clinicaltrials.gov/ct2/show/record/NCT03155620?term=NCT03155620&rank=1,https://clinicaltrialsapi.cancer.gov/v1/clinical-trials?nct_id=NCT03155620,,,
NCT03213704,https://www.clinicaltrials.gov/ct2/show/record/NCT03213704?term=NCT03213704&rank=1,https://clinicaltrialsapi.cancer.gov/v1/clinical-trials?nct_id=NCT03213704,,,
NCT03244384,https://www.clinicaltrials.gov/ct2/show/record/NCT03244384?term=NCT03244384&rank=1,https://clinicaltrialsapi.cancer.gov/v1/clinical-trials?nct_id=NCT03244384,,,
,,,,,
